Usuario,Following
paloma55,HugoRomero
paloma55,DiegoH2000
paloma55,Xator_Nova
paloma55,AnaAvellaneda
paloma55,luisru
paloma55,Marcos_M_Rom
paloma55,alemartin
paloma55,mrtoldo
paloma55,marctorres
paloma55,Vareludo
paloma55,Hectorog
paloma55,AlbertoMilano
paloma55,HEYMYMAN
paloma55,Alvaro_souvlaki
paloma55,jasikedevicius
paloma55,jaimeac
paloma55,bennu
paloma55,AlCorona
paloma55,LBaena
paloma55,migblah
paloma55,Trueno
paloma55,MartialCantarel
paloma55,Juanky97
paloma55,Sirah_Wiedemann
paloma55,MrLombreeze
paloma55,genzai_2
paloma55,diogoserafim
paloma55,gorkalonso1
paloma55,bander7
paloma55,FilmCanet
paloma55,Simonsds
paloma55,Alberto87FR
paloma55,Lubilder
paloma55,aixa72
paloma55,Dani1Medina
paloma55,TaeSuk
paloma55,rafaqc97
paloma55,LaCaneli
paloma55,FaildeGuionista
paloma55,elenacf
paloma55,DanielEscaners
paloma55,Carlos_
paloma55,ezequiel2517
paloma55,Jorgemz
paloma55,Doark13
paloma55,Manuki
paloma55,uryenbg
paloma55,Didacus
paloma55,Saba1e7e
paloma55,Mann_Ohne_Namen
paloma55,manuelsanbai
paloma55,bergmantonioni
paloma55,Lobo_Lopez
paloma55,Faure
paloma55,Tannhauser
paloma55,Vicioinherente
paloma55,utges
paloma55,Ninotchka
paloma55,marioquema
paloma55,MabuseCaligari
paloma55,jjm_24
paloma55,A_Karerina
paloma55,ExplodingBoy
paloma55,fshtravis
paloma55,bustinduy
paloma55,DanielQuinn
paloma55,MarioIglesias
paloma55,will_llermo
paloma55,JoanCuadrado
paloma55,Borinot
paloma55,Ivan_Suarez
paloma55,Isaac98tm
paloma55,jal90
paloma55,guillehormigo
paloma55,Bernatus
paloma55,RachelMyGod
paloma55,mmgarnica
paloma55,Malala
paloma55,Maties_TP
paloma55,Batty
paloma55,Javchas
Lobo_Lopez,fifoleCFC
Lobo_Lopez,ExplodingBoy
Lobo_Lopez,ezequiel2517
Lobo_Lopez,A_Karerina
Lobo_Lopez,utges
Lobo_Lopez,bustinduy
Lobo_Lopez,jal90
Lobo_Lopez,paloma55
Lobo_Lopez,fshtravis
Lobo_Lopez,Ivan_Suarez
Lobo_Lopez,Maties_TP
Lobo_Lopez,A_de_la_Hoz
Lobo_Lopez,Ninotchka
Lobo_Lopez,Batty
Lobo_Lopez,diogoserafim
Lobo_Lopez,Malala
Lobo_Lopez,Didacus
Lobo_Lopez,uryenbg
Lobo_Lopez,MabuseCaligari
Lobo_Lopez,mmgarnica
Lobo_Lopez,Alberto87FR
Lobo_Lopez,Blackcoffee
Lobo_Lopez,FaildeGuionista
Lobo_Lopez,MarioIglesias
Lobo_Lopez,DanielQuinn
Lobo_Lopez,Vicioinherente
Lobo_Lopez,LBaena
Lobo_Lopez,Isaac98tm
Lobo_Lopez,firejuice
Lobo_Lopez,RachelMyGod
Lobo_Lopez,migblah
Lobo_Lopez,aixa72
AlCorona,A_Karerina
AlCorona,LaCaneli
AlCorona,paloma55
AlCorona,Hectorog
AlCorona,migblah
AlCorona,bustinduy
AlCorona,DanielQuinn
AlCorona,Endika
AlCorona,mmgarnica
AlCorona,will_llermo
AlCorona,davidpardi97
AlCorona,Maties_TP
AlCorona,mrtoldo
AlCorona,guillehormigo
AlCorona,JoanCuadrado
AlCorona,DanielEscaners
jasikedevicius,paloma55
jasikedevicius,jal90
jasikedevicius,ExplodingBoy
jasikedevicius,mmgarnica
jasikedevicius,LBaena
jasikedevicius,Ninotchka
jasikedevicius,DanielQuinn
jasikedevicius,RachelMyGod
jasikedevicius,aixa72
Manuki,Sirah_Wiedemann
Manuki,MrLombreeze
Manuki,Borinot
Manuki,gorkalonso1
Manuki,TaeSuk
Manuki,Simonsds
Manuki,genzai_2
Manuki,FilmCanet
Manuki,paloma55
Manuki,Lubilder
Manuki,Tannhauser
Manuki,JoanCuadrado
Xator_Nova,Maties_TP
Xator_Nova,paloma55
Xator_Nova,RachelMyGod
Xator_Nova,Trueno
Xator_Nova,migblah
Xator_Nova,Lobo_Lopez
edgarfaber,paloma55
edgarfaber,Juanky97
edgarfaber,jal90
edgarfaber,Faure
edgarfaber,Simonsds
edgarfaber,Maties_TP
edgarfaber,Saba1e7e
edgarfaber,mmgarnica
edgarfaber,marioquema
edgarfaber,guillehormigo
edgarfaber,LaCaneli
edgarfaber,will_llermo
MarioIglesias,fshtravis
MarioIglesias,Hectorog
MarioIglesias,utges
MarioIglesias,fabregatto
MarioIglesias,paloma55
MarioIglesias,jjm_24
MarioIglesias,RachelMyGod
MarioIglesias,MabuseCaligari
MarioIglesias,bergmantonioni
MarioIglesias,bustinduy
MarioIglesias,Ninotchka
MarioIglesias,guillehormigo
MarioIglesias,mmgarnica
MarioIglesias,jal90
MarioIglesias,Isaac98tm
MarioIglesias,will_llermo
MarioIglesias,Lobo_Lopez
MarioIglesias,DanielQuinn
MarioIglesias,Vicioinherente
aixa72,luisru
aixa72,jjm_24
aixa72,ezequiel2517
aixa72,paloma55
aixa72,bergmantonioni
aixa72,Maties_TP
aixa72,Ninotchka
aixa72,Batty
aixa72,DanielQuinn
aixa72,Isaac98tm
aixa72,FaildeGuionista
aixa72,LBaena
aixa72,jal90
aixa72,migblah
aixa72,fleming22
aixa72,firejuice
aixa72,Faure
aixa72,jasikedevicius
aixa72,RachelMyGod
aixa72,Lobo_Lopez
LaCaneli,AlCorona
LaCaneli,Endika
LaCaneli,Simonsds
LaCaneli,edgarfaber
LaCaneli,paloma55
LaCaneli,will_llermo
FilmCanet,TaeSuk
FilmCanet,Simonsds
FilmCanet,MrLombreeze
FilmCanet,Manuki
FilmCanet,Lubilder
FilmCanet,JoanCuadrado
FilmCanet,Tannhauser
FilmCanet,paloma55
JoanCuadrado,Bracero
JoanCuadrado,Maties_TP
JoanCuadrado,TaeSuk
JoanCuadrado,jal90
JoanCuadrado,Marcos_M_Rom
JoanCuadrado,will_llermo
JoanCuadrado,Malala
JoanCuadrado,MabuseCaligari
JoanCuadrado,mmgarnica
JoanCuadrado,guillehormigo
JoanCuadrado,AnaAvellaneda
JoanCuadrado,DanielQuinn
JoanCuadrado,gorkalonso1
JoanCuadrado,FilmCanet
JoanCuadrado,ezequiel2517
JoanCuadrado,Lubilder
JoanCuadrado,Borinot
JoanCuadrado,paloma55
JoanCuadrado,Tannhauser
JoanCuadrado,Manuki
JoanCuadrado,Simonsds
JoanCuadrado,DanielEscaners
JoanCuadrado,Bernatus
JoanCuadrado,MrLombreeze
JoanCuadrado,AlCorona
DiegoH2000,paloma55
DiegoH2000,A_Karerina
DiegoH2000,diogoserafim
DiegoH2000,firejuice
DiegoH2000,jjm_24
DiegoH2000,Javchas
DiegoH2000,Vicioinherente
DiegoH2000,uryenbg
DiegoH2000,Lobo_Lopez
DiegoH2000,mmgarnica
DiegoH2000,rafaqc97
DiegoH2000,LBaena
DiegoH2000,migblah
DiegoH2000,Ninotchka
DiegoH2000,antares_not
DiegoH2000,Mann_Ohne_Namen
DiegoH2000,Faure
elenacf,DiegoH2000
elenacf,gorkalonso1
elenacf,FaildeGuionista
elenacf,uryenbg
elenacf,ExplodingBoy
elenacf,fshtravis
elenacf,Malala
elenacf,ezequiel2517
elenacf,utges
elenacf,Didacus
elenacf,migblah
elenacf,RachelMyGod
elenacf,Lobo_Lopez
elenacf,Batty
elenacf,MabuseCaligari
elenacf,DanielQuinn
elenacf,Isaac98tm
elenacf,mmgarnica
elenacf,Faure
elenacf,Simonsds
elenacf,jal90
elenacf,Ivan_Suarez
elenacf,Ninotchka
elenacf,paloma55
elenacf,jjm_24
MabuseCaligari,fifoleCFC
MabuseCaligari,gorkalonso1
MabuseCaligari,JoanCuadrado
MabuseCaligari,elenacf
MabuseCaligari,paloma55
MabuseCaligari,RachelMyGod
MabuseCaligari,MarioIglesias
MabuseCaligari,migblah
MabuseCaligari,DanielQuinn
MabuseCaligari,jjm_24
MabuseCaligari,fshtravis
MabuseCaligari,jal90
MabuseCaligari,Tannhauser
MabuseCaligari,Lobo_Lopez
MabuseCaligari,Malala
MabuseCaligari,Maties_TP
Alvaro_souvlaki,Ivan_Suarez
Alvaro_souvlaki,paloma55
Alvaro_souvlaki,RachelMyGod
Alvaro_souvlaki,Maties_TP
fleming22,FaildeGuionista
fleming22,jal90
fleming22,Ninotchka
fleming22,DanielEscaners
fleming22,Vicioinherente
fleming22,will_llermo
fleming22,aixa72
fleming22,Mann_Ohne_Namen
fleming22,firejuice
fleming22,RachelMyGod
fleming22,Faure
MrLombreeze,Bernatus
MrLombreeze,Borinot
MrLombreeze,paloma55
MrLombreeze,JoanCuadrado
MrLombreeze,Manuki
MrLombreeze,Simonsds
MrLombreeze,FilmCanet
MrLombreeze,Tannhauser
MrLombreeze,Lubilder
TaeSuk,DavidGS90
TaeSuk,JoanCuadrado
TaeSuk,Lubilder
TaeSuk,jaimeac
TaeSuk,Simonsds
TaeSuk,Borinot
TaeSuk,HEYMYMAN
TaeSuk,Maties_TP
TaeSuk,Manuki
TaeSuk,FilmCanet
TaeSuk,MrLombreeze
TaeSuk,genzai_2
TaeSuk,jjm_24
TaeSuk,gorkalonso1
TaeSuk,Bernatus
TaeSuk,alemartin
TaeSuk,paloma55
TaeSuk,Doark13
TaeSuk,Tannhauser
Tannhauser,AnaAvellaneda
Tannhauser,Malala
Tannhauser,Paula_Arantzazu
Tannhauser,Lobo_Lopez
Tannhauser,Borinot
Tannhauser,FilmCanet
Tannhauser,utges
Tannhauser,gorkalonso1
Tannhauser,Lubilder
Tannhauser,MrLombreeze
Tannhauser,Simonsds
Tannhauser,jjm_24
Tannhauser,paloma55
Tannhauser,jal90
Tannhauser,JoanCuadrado
Tannhauser,TaeSuk
Tannhauser,MabuseCaligari
Tannhauser,Manuki
Doark13,LaCaneli
Doark13,jjm_24
Doark13,Batty
Doark13,Marcos_M_Rom
Doark13,genzai_2
Doark13,jaimeac
Doark13,gorkalonso1
Doark13,utges
Doark13,paloma55
Doark13,TaeSuk
Borinot,gorkalonso1
Borinot,Carlos_
Borinot,Vareludo
Borinot,Bracero
Borinot,MabuseCaligari
Borinot,Batty
Borinot,genzai_2
Borinot,MrLombreeze
Borinot,will_llermo
Borinot,Lobo_Lopez
Borinot,DanielQuinn
Borinot,Simonsds
Borinot,Manuki
Borinot,jjm_24
Borinot,JoanCuadrado
Borinot,Tannhauser
Borinot,paloma55
Borinot,jal90
Borinot,stalker98
Borinot,Maties_TP
Borinot,Bernatus
Bernatus,DavidGS90
Bernatus,Juanky97
Bernatus,genzai_2
Bernatus,gorkalonso1
Bernatus,will_llermo
Bernatus,MrLombreeze
Bernatus,DanielQuinn
Bernatus,Maties_TP
Bernatus,TaeSuk
Bernatus,AlCorona
Bernatus,jal90
Bernatus,Borinot
Bernatus,paloma55
Bernatus,JoanCuadrado
HugoRomero,jjm_24
HugoRomero,paloma55
HugoRomero,Batty
HugoRomero,Ninotchka
HugoRomero,DanielQuinn
HugoRomero,A_Karerina
HugoRomero,bustinduy
HugoRomero,Lobo_Lopez
HugoRomero,Maties_TP
jal90,fifoleCFC
jal90,Doark13
jal90,Manuki
jal90,JoanCuadrado
jal90,Bracero
jal90,HEYMYMAN
jal90,Marcos_M_Rom
jal90,gorkalonso1
jal90,edgarfaber
jal90,TaeSuk
jal90,genzai_2
jal90,Simonsds
jal90,Saba1e7e
jal90,elenacf
jal90,AlbertoMilano
jal90,DavidGS90
jal90,bander7
jal90,Paula_Arantzazu
jal90,ezequiel2517
jal90,A_de_la_Hoz
jal90,fshtravis
jal90,Lubilder
jal90,Bernatus
jal90,Borinot
jal90,paloma55
jal90,Blackcoffee
jal90,Dani1Medina
jal90,AlCorona
jal90,Hectorog
jal90,davidpardi97
jal90,DiegoH2000
jal90,utges
jal90,Endika
jal90,Alberto87FR
jal90,Vareludo
jal90,ExplodingBoy
jal90,mrtoldo
jal90,Carlos_
jal90,marioquema
jal90,rafaqc97
jal90,Ivan_Suarez
jal90,bergmantonioni
jal90,bustinduy
jal90,jjm_24
jal90,A_Karerina
jal90,diogoserafim
jal90,guillehormigo
jal90,MabuseCaligari
jal90,uryenbg
jal90,mmgarnica
jal90,Malala
jal90,Maties_TP
jal90,jasikedevicius
jal90,Mann_Ohne_Namen
jal90,parhelic
jal90,antares_not
jal90,MarioIglesias
jal90,LBaena
jal90,DanielQuinn
jal90,Tannhauser
jal90,DanielEscaners
jal90,Lobo_Lopez
jal90,Isaac98tm
jal90,FaildeGuionista
jal90,firejuice
jal90,fleming22
jal90,Faure
jal90,Batty
jal90,RachelMyGod
jal90,Vicioinherente
jal90,will_llermo
jal90,aixa72
jal90,Javchas
jal90,Ninotchka
jal90,migblah
manuelsanbai,paloma55
manuelsanbai,Maties_TP
LBaena,jjm_24
LBaena,Malala
LBaena,A_Karerina
LBaena,paloma55
LBaena,ezequiel2517
LBaena,Faure
LBaena,uryenbg
LBaena,parhelic
LBaena,guillehormigo
LBaena,Alberto87FR
LBaena,A_de_la_Hoz
LBaena,MarioIglesias
LBaena,mmgarnica
LBaena,DanielQuinn
LBaena,jasikedevicius
LBaena,Isaac98tm
LBaena,firejuice
LBaena,Vicioinherente
LBaena,jal90
LBaena,FaildeGuionista
LBaena,RachelMyGod
LBaena,aixa72
LBaena,Ninotchka
LBaena,Lobo_Lopez
LBaena,migblah
Simonsds,Faure
Simonsds,DanielEscaners
Simonsds,Vicioinherente
Simonsds,Blackcoffee
Simonsds,HEYMYMAN
Simonsds,fabregatto
Simonsds,AlbertoMilano
Simonsds,firejuice
Simonsds,bustinduy
Simonsds,Isaac98tm
Simonsds,marctorres
Simonsds,parhelic
Simonsds,Juanky97
Simonsds,jorgepm91
Simonsds,Dani1Medina
Simonsds,Sirah_Wiedemann
Simonsds,jaimeac
Simonsds,MartialCantarel
Simonsds,maximo_
Simonsds,alemartin
Simonsds,jasikedevicius
Simonsds,ExplodingBoy
Simonsds,Alberto87FR
Simonsds,TaeSuk
Simonsds,MrLombreeze
Simonsds,FilmCanet
Simonsds,ezequiel2517
Simonsds,Doark13
Simonsds,genzai_2
Simonsds,Manuki
Simonsds,gorkalonso1
Simonsds,DavidGS90
Simonsds,A_de_la_Hoz
Simonsds,Borinot
Simonsds,edgarfaber
Simonsds,fshtravis
Simonsds,RachelMyGod
Simonsds,MabuseCaligari
Simonsds,Saba1e7e
Simonsds,Malala
Simonsds,bergmantonioni
Simonsds,Javchas
Simonsds,aixa72
Simonsds,MarioIglesias
Simonsds,paloma55
Simonsds,Mann_Ohne_Namen
Simonsds,fleming22
Simonsds,Lubilder
Simonsds,elenacf
Simonsds,uryenbg
Simonsds,jal90
Simonsds,Jorgemz
Simonsds,utges
Simonsds,davidpardi97
Simonsds,will_llermo
Simonsds,manuelsanbai
Simonsds,jjm_24
Simonsds,bander7
Simonsds,LaCaneli
Simonsds,Batty
Simonsds,rafaqc97
Simonsds,antares_not
Simonsds,Ninotchka
Simonsds,DanielQuinn
Simonsds,JoanCuadrado
Simonsds,marioquema
Simonsds,guillehormigo
Simonsds,Carlos_
Simonsds,Didacus
Simonsds,A_Karerina
Simonsds,migblah
Simonsds,Tannhauser
Simonsds,Maties_TP
Simonsds,Endika
ExplodingBoy,Blackcoffee
ExplodingBoy,bergmantonioni
ExplodingBoy,Simonsds
ExplodingBoy,elenacf
ExplodingBoy,HEYMYMAN
ExplodingBoy,ezequiel2517
ExplodingBoy,Lobo_Lopez
ExplodingBoy,utges
ExplodingBoy,Paula_Arantzazu
ExplodingBoy,paloma55
ExplodingBoy,Isaac98tm
ExplodingBoy,Faure
ExplodingBoy,jal90
ExplodingBoy,FaildeGuionista
ExplodingBoy,Ivan_Suarez
ExplodingBoy,bustinduy
ExplodingBoy,diogoserafim
ExplodingBoy,Malala
ExplodingBoy,Batty
ExplodingBoy,jjm_24
ExplodingBoy,uryenbg
ExplodingBoy,mmgarnica
ExplodingBoy,Hectorog
ExplodingBoy,A_Karerina
ExplodingBoy,Carlos_
ExplodingBoy,jasikedevicius
ExplodingBoy,DanielQuinn
ExplodingBoy,RachelMyGod
ExplodingBoy,Ninotchka
mmgarnica,genzai_2
mmgarnica,elenacf
mmgarnica,ezequiel2517
mmgarnica,MabuseCaligari
mmgarnica,fshtravis
mmgarnica,FaildeGuionista
mmgarnica,mrtoldo
mmgarnica,Malala
mmgarnica,paloma55
mmgarnica,utges
mmgarnica,AlCorona
mmgarnica,antares_not
mmgarnica,bergmantonioni
mmgarnica,jal90
mmgarnica,jjm_24
mmgarnica,Batty
mmgarnica,will_llermo
mmgarnica,Saba1e7e
mmgarnica,diogoserafim
mmgarnica,Vareludo
mmgarnica,bustinduy
mmgarnica,Maties_TP
mmgarnica,ExplodingBoy
mmgarnica,A_Karerina
mmgarnica,uryenbg
mmgarnica,Isaac98tm
mmgarnica,guillehormigo
mmgarnica,Alberto87FR
mmgarnica,Vicioinherente
mmgarnica,DanielEscaners
mmgarnica,Faure
mmgarnica,Blackcoffee
mmgarnica,jasikedevicius
mmgarnica,LBaena
mmgarnica,DanielQuinn
mmgarnica,Lobo_Lopez
mmgarnica,migblah
mmgarnica,MarioIglesias
mmgarnica,Ninotchka
mmgarnica,RachelMyGod
fshtravis,genzai_2
fshtravis,AlCorona
fshtravis,Vareludo
fshtravis,Ivan_Suarez
fshtravis,Isaac98tm
fshtravis,Paula_Arantzazu
fshtravis,ezequiel2517
fshtravis,Ninotchka
fshtravis,paloma55
fshtravis,jal90
fshtravis,guillehormigo
fshtravis,Saba1e7e
fshtravis,DanielQuinn
fshtravis,uryenbg
fshtravis,will_llermo
fshtravis,A_Karerina
fshtravis,A_de_la_Hoz
fshtravis,FaildeGuionista
fshtravis,MarioIglesias
fshtravis,Carlos_
fshtravis,Malala
fshtravis,bergmantonioni
fshtravis,rafaqc97
fshtravis,jjm_24
fshtravis,firejuice
fshtravis,migblah
fshtravis,Lobo_Lopez
fshtravis,MabuseCaligari
fshtravis,mmgarnica
fshtravis,DanielEscaners
fshtravis,Faure
fshtravis,Batty
uryenbg,mrtoldo
uryenbg,ezequiel2517
uryenbg,marctorres
uryenbg,Vicioinherente
uryenbg,paloma55
uryenbg,Dani1Medina
uryenbg,antares_not
uryenbg,diogoserafim
uryenbg,Blackcoffee
uryenbg,Batty
uryenbg,Javchas
uryenbg,FaildeGuionista
uryenbg,Mann_Ohne_Namen
uryenbg,DanielEscaners
uryenbg,Vareludo
uryenbg,guillehormigo
uryenbg,ExplodingBoy
uryenbg,jal90
uryenbg,Isaac98tm
uryenbg,A_Karerina
uryenbg,Alberto87FR
uryenbg,Ninotchka
uryenbg,utges
uryenbg,mmgarnica
uryenbg,Lobo_Lopez
uryenbg,LBaena
uryenbg,jjm_24
uryenbg,RachelMyGod
uryenbg,rafaqc97
uryenbg,will_llermo
uryenbg,migblah
uryenbg,DanielQuinn
uryenbg,Faure
luisru,gorkalonso1
luisru,genzai_2
luisru,aixa72
luisru,A_de_la_Hoz
luisru,A_Karerina
luisru,RachelMyGod
luisru,Bracero
luisru,jjm_24
luisru,paloma55
luisru,DanielQuinn
DavidGS90,elenacf
DavidGS90,Juanky97
DavidGS90,TaeSuk
DavidGS90,stalker98
DavidGS90,Bernatus
DavidGS90,marioquema
DavidGS90,Faure
DavidGS90,Batty
DavidGS90,jjm_24
DavidGS90,Ninotchka
DavidGS90,Manuki
DavidGS90,gorkalonso1
DavidGS90,Lobo_Lopez
DavidGS90,genzai_2
DavidGS90,DanielQuinn
DavidGS90,Simonsds
DavidGS90,paloma55
DavidGS90,Borinot
DavidGS90,jal90
ezequiel2517,Dani1Medina
ezequiel2517,HEYMYMAN
ezequiel2517,marctorres
ezequiel2517,elenacf
ezequiel2517,Xator_Nova
ezequiel2517,aixa72
ezequiel2517,ExplodingBoy
ezequiel2517,Trueno
ezequiel2517,jal90
ezequiel2517,rafaqc97
ezequiel2517,mmgarnica
ezequiel2517,LBaena
ezequiel2517,Blackcoffee
ezequiel2517,Vareludo
ezequiel2517,A_de_la_Hoz
ezequiel2517,utges
ezequiel2517,Ninotchka
ezequiel2517,Malala
ezequiel2517,diogoserafim
ezequiel2517,bergmantonioni
ezequiel2517,Vicioinherente
ezequiel2517,MabuseCaligari
ezequiel2517,fshtravis
ezequiel2517,Alberto87FR
ezequiel2517,guillehormigo
ezequiel2517,MarioIglesias
ezequiel2517,Javchas
ezequiel2517,Isaac98tm
ezequiel2517,Faure
ezequiel2517,marioquema
ezequiel2517,paloma55
ezequiel2517,RachelMyGod
ezequiel2517,firejuice
ezequiel2517,Ivan_Suarez
ezequiel2517,will_llermo
ezequiel2517,Lubilder
ezequiel2517,jjm_24
ezequiel2517,uryenbg
ezequiel2517,DanielQuinn
ezequiel2517,Batty
ezequiel2517,A_Karerina
ezequiel2517,Paula_Arantzazu
ezequiel2517,Endika
ezequiel2517,Tannhauser
ezequiel2517,Lobo_Lopez
ezequiel2517,Maties_TP
ezequiel2517,mrtoldo
ezequiel2517,migblah
fifoleCFC,jal90
fifoleCFC,DanielQuinn
fifoleCFC,MabuseCaligari
fifoleCFC,jjm_24
fifoleCFC,Bracero
fifoleCFC,RachelMyGod
fifoleCFC,migblah
fifoleCFC,Lobo_Lopez
Marcos_M_Rom,Bracero
Marcos_M_Rom,A_Karerina
Marcos_M_Rom,Borinot
Marcos_M_Rom,Vareludo
Marcos_M_Rom,Faure
Marcos_M_Rom,migblah
Marcos_M_Rom,HEYMYMAN
Marcos_M_Rom,Doark13
Marcos_M_Rom,gorkalonso1
Marcos_M_Rom,Lubilder
Marcos_M_Rom,FilmCanet
Marcos_M_Rom,JoanCuadrado
Marcos_M_Rom,genzai_2
Marcos_M_Rom,MrLombreeze
Marcos_M_Rom,jjm_24
Marcos_M_Rom,paloma55
Marcos_M_Rom,Juanky97
Marcos_M_Rom,elenacf
Marcos_M_Rom,Paula_Arantzazu
Marcos_M_Rom,jal90
diogoserafim,ezequiel2517
diogoserafim,A_Karerina
diogoserafim,migblah
diogoserafim,Lobo_Lopez
diogoserafim,mmgarnica
gorkalonso1,Didacus
gorkalonso1,jaimeac
gorkalonso1,Ninotchka
gorkalonso1,Faure
gorkalonso1,Bracero
gorkalonso1,elenacf
gorkalonso1,utges
gorkalonso1,Mann_Ohne_Namen
gorkalonso1,Juanky97
gorkalonso1,Borinot
gorkalonso1,Lobo_Lopez
gorkalonso1,Marcos_M_Rom
gorkalonso1,HEYMYMAN
gorkalonso1,genzai_2
gorkalonso1,will_llermo
gorkalonso1,jal90
gorkalonso1,DanielQuinn
gorkalonso1,Jorgemz
gorkalonso1,Bernatus
gorkalonso1,jjm_24
gorkalonso1,Manuki
gorkalonso1,Simonsds
gorkalonso1,Maties_TP
gorkalonso1,paloma55
gorkalonso1,TaeSuk
gorkalonso1,JoanCuadrado
gorkalonso1,Doark13
gorkalonso1,Tannhauser
Vareludo,paloma55
Vareludo,DanielQuinn
Vareludo,Batty
Vareludo,Mann_Ohne_Namen
Vareludo,Ninotchka
Vareludo,RachelMyGod
Vareludo,utges
Vareludo,Isaac98tm
Vareludo,jal90
Vareludo,Faure
Vareludo,mmgarnica
Vareludo,uryenbg
Vareludo,jjm_24
Vareludo,guillehormigo
Vareludo,Maties_TP
Vareludo,migblah
Vareludo,will_llermo
Vareludo,Vicioinherente
mrtoldo,uryenbg
mrtoldo,paloma55
mrtoldo,Faure
mrtoldo,mmgarnica
mrtoldo,guillehormigo
mrtoldo,Batty
mrtoldo,Paula_Arantzazu
mrtoldo,davidpardi97
mrtoldo,AlCorona
mrtoldo,Lobo_Lopez
mrtoldo,antares_not
mrtoldo,DanielQuinn
mrtoldo,migblah
mrtoldo,diogoserafim
mrtoldo,RachelMyGod
mrtoldo,Endika
rafaqc97,paloma55
rafaqc97,utges
rafaqc97,A_Karerina
rafaqc97,Dani1Medina
rafaqc97,FaildeGuionista
rafaqc97,antares_not
rafaqc97,will_llermo
rafaqc97,Batty
rafaqc97,Blackcoffee
rafaqc97,diogoserafim
rafaqc97,uryenbg
rafaqc97,Alberto87FR
rafaqc97,Lobo_Lopez
rafaqc97,Isaac98tm
rafaqc97,migblah
rafaqc97,Mann_Ohne_Namen
rafaqc97,Faure
rafaqc97,DanielEscaners
rafaqc97,AlbertoMilano
rafaqc97,jjm_24
rafaqc97,Vicioinherente
FaildeGuionista,elenacf
FaildeGuionista,ExplodingBoy
FaildeGuionista,fshtravis
FaildeGuionista,mmgarnica
FaildeGuionista,paloma55
FaildeGuionista,utges
FaildeGuionista,Ivan_Suarez
FaildeGuionista,bustinduy
FaildeGuionista,jjm_24
FaildeGuionista,rafaqc97
FaildeGuionista,Sirah_Wiedemann
FaildeGuionista,Saba1e7e
FaildeGuionista,uryenbg
FaildeGuionista,Maties_TP
FaildeGuionista,Batty
FaildeGuionista,Alberto87FR
FaildeGuionista,antares_not
FaildeGuionista,Ninotchka
FaildeGuionista,RachelMyGod
FaildeGuionista,DanielQuinn
FaildeGuionista,Lobo_Lopez
FaildeGuionista,LBaena
FaildeGuionista,aixa72
FaildeGuionista,Faure
FaildeGuionista,fleming22
FaildeGuionista,Isaac98tm
FaildeGuionista,jal90
utges,gorkalonso1
utges,genzai_2
utges,bennu
utges,guillehormigo
utges,Saba1e7e
utges,Tannhauser
utges,Ninotchka
utges,elenacf
utges,Ivan_Suarez
utges,FaildeGuionista
utges,bustinduy
utges,MarioIglesias
utges,ezequiel2517
utges,rafaqc97
utges,DanielEscaners
utges,marioquema
utges,Didacus
utges,MabuseCaligari
utges,ExplodingBoy
utges,paloma55
utges,Vareludo
utges,mmgarnica
utges,jal90
utges,Batty
utges,Javchas
utges,A_Karerina
utges,Mann_Ohne_Namen
utges,uryenbg
utges,jjm_24
utges,AlbertoMilano
utges,will_llermo
utges,Vicioinherente
utges,Lobo_Lopez
utges,DanielQuinn
utges,Isaac98tm
utges,Faure
utges,migblah
utges,RachelMyGod
alemartin,Simonsds
alemartin,Ninotchka
alemartin,Didacus
alemartin,bustinduy
alemartin,RachelMyGod
alemartin,jjm_24
alemartin,Juanky97
alemartin,A_Karerina
alemartin,Lobo_Lopez
alemartin,Doark13
alemartin,stalker98
alemartin,uryenbg
alemartin,jasikedevicius
alemartin,DanielQuinn
alemartin,TaeSuk
alemartin,mmgarnica
alemartin,paloma55
alemartin,diogoserafim
migblah,Ivan_Suarez
migblah,ezequiel2517
migblah,A_Karerina
migblah,DanielQuinn
migblah,mrtoldo
migblah,RachelMyGod
migblah,Lobo_Lopez
A_Karerina,Marcos_M_Rom
A_Karerina,jjm_24
A_Karerina,ezequiel2517
A_Karerina,Vicioinherente
A_Karerina,Mann_Ohne_Namen
A_Karerina,fshtravis
A_Karerina,diogoserafim
A_Karerina,paloma55
A_Karerina,bergmantonioni
A_Karerina,bustinduy
A_Karerina,Ivan_Suarez
A_Karerina,Javchas
A_Karerina,Faure
A_Karerina,utges
A_Karerina,DanielQuinn
A_Karerina,Lobo_Lopez
A_Karerina,Carlos_
A_Karerina,migblah
A_Karerina,LBaena
A_Karerina,will_llermo
A_Karerina,DanielEscaners
A_Karerina,ExplodingBoy
A_Karerina,uryenbg
A_Karerina,Batty
A_Karerina,Ninotchka
A_Karerina,guillehormigo
A_Karerina,RachelMyGod
A_Karerina,mmgarnica
A_Karerina,Hectorog
RachelMyGod,fifoleCFC
RachelMyGod,Sirah_Wiedemann
RachelMyGod,Alvaro_souvlaki
RachelMyGod,ezequiel2517
RachelMyGod,Carlos_
RachelMyGod,A_Karerina
RachelMyGod,Batty
RachelMyGod,fabregatto
RachelMyGod,MarioIglesias
RachelMyGod,paloma55
RachelMyGod,A_de_la_Hoz
RachelMyGod,MabuseCaligari
RachelMyGod,Ivan_Suarez
RachelMyGod,bergmantonioni
RachelMyGod,Malala
RachelMyGod,uryenbg
RachelMyGod,Javchas
RachelMyGod,Alberto87FR
RachelMyGod,ExplodingBoy
RachelMyGod,will_llermo
RachelMyGod,DanielQuinn
RachelMyGod,FaildeGuionista
RachelMyGod,mmgarnica
RachelMyGod,Isaac98tm
RachelMyGod,LBaena
RachelMyGod,jal90
RachelMyGod,jasikedevicius
RachelMyGod,fleming22
RachelMyGod,Lobo_Lopez
RachelMyGod,Vicioinherente
RachelMyGod,mrtoldo
RachelMyGod,Ninotchka
RachelMyGod,migblah
RachelMyGod,Faure
RachelMyGod,aixa72
Ivan_Suarez,Sirah_Wiedemann
Ivan_Suarez,marctorres
Ivan_Suarez,gorkalonso1
Ivan_Suarez,Alvaro_souvlaki
Ivan_Suarez,jaimeac
Ivan_Suarez,elenacf
Ivan_Suarez,fleming22
Ivan_Suarez,fabregatto
Ivan_Suarez,MabuseCaligari
Ivan_Suarez,antares_not
Ivan_Suarez,marioquema
Ivan_Suarez,bander7
Ivan_Suarez,edgarfaber
Ivan_Suarez,Borinot
Ivan_Suarez,Saba1e7e
Ivan_Suarez,FaildeGuionista
Ivan_Suarez,Isaac98tm
Ivan_Suarez,fshtravis
Ivan_Suarez,Paula_Arantzazu
Ivan_Suarez,Didacus
Ivan_Suarez,ezequiel2517
Ivan_Suarez,Ninotchka
Ivan_Suarez,paloma55
Ivan_Suarez,Carlos_
Ivan_Suarez,Dani1Medina
Ivan_Suarez,jal90
Ivan_Suarez,Hectorog
Ivan_Suarez,rafaqc97
Ivan_Suarez,Vareludo
Ivan_Suarez,bustinduy
Ivan_Suarez,bergmantonioni
Ivan_Suarez,aixa72
Ivan_Suarez,Alberto87FR
Ivan_Suarez,will_llermo
Ivan_Suarez,Mann_Ohne_Namen
Ivan_Suarez,jjm_24
Ivan_Suarez,utges
Ivan_Suarez,uryenbg
Ivan_Suarez,ExplodingBoy
Ivan_Suarez,A_Karerina
Ivan_Suarez,Malala
Ivan_Suarez,Blackcoffee
Ivan_Suarez,Faure
Ivan_Suarez,diogoserafim
Ivan_Suarez,LBaena
Ivan_Suarez,Vicioinherente
Ivan_Suarez,firejuice
Ivan_Suarez,DanielEscaners
Ivan_Suarez,guillehormigo
Ivan_Suarez,Batty
Ivan_Suarez,Trueno
Ivan_Suarez,MarioIglesias
Ivan_Suarez,DanielQuinn
Ivan_Suarez,Lobo_Lopez
Ivan_Suarez,migblah
Ivan_Suarez,RachelMyGod
bennu,genzai_2
bennu,paloma55
JDCASERO,Ninotchka
JDCASERO,Batty
Trueno,mmgarnica
Trueno,paloma55
Trueno,Ivan_Suarez
Trueno,Lobo_Lopez
Trueno,DanielQuinn
Trueno,ezequiel2517
Trueno,Xator_Nova
Trueno,migblah
Trueno,Batty
Trueno,Faure
Trueno,DanielEscaners
Trueno,diogoserafim
Bracero,jal90
Bracero,genzai_2
Bracero,fifoleCFC
Bracero,jjm_24
Bracero,Lobo_Lopez
Bracero,fshtravis
Bracero,A_de_la_Hoz
Bracero,stalker98
Bracero,Ninotchka
bander7,DanielQuinn
bander7,jal90
bander7,jasikedevicius
bander7,will_llermo
bander7,paloma55
bander7,Ivan_Suarez
bander7,Faure
bander7,Endika
bander7,jjm_24
bander7,Mann_Ohne_Namen
bander7,mmgarnica
bander7,Maties_TP
stalker98,DavidGS90
stalker98,marioquema
stalker98,Bracero
stalker98,Borinot
stalker98,A_de_la_Hoz
stalker98,RachelMyGod
Hectorog,paloma55
Hectorog,bustinduy
Hectorog,AlCorona
Hectorog,MarioIglesias
Hectorog,Blackcoffee
Hectorog,jal90
Hectorog,Ivan_Suarez
Hectorog,uryenbg
Hectorog,ExplodingBoy
Hectorog,A_Karerina
Hectorog,Faure
bergmantonioni,marioquema
bergmantonioni,paloma55
bergmantonioni,jjm_24
bergmantonioni,Ninotchka
bergmantonioni,Faure
bergmantonioni,A_de_la_Hoz
bergmantonioni,DanielQuinn
bergmantonioni,Batty
bergmantonioni,mmgarnica
bergmantonioni,Ivan_Suarez
bergmantonioni,Vicioinherente
bergmantonioni,migblah
bergmantonioni,mrtoldo
bergmantonioni,RachelMyGod
bergmantonioni,aixa72
bergmantonioni,Lobo_Lopez
bergmantonioni,Endika
bergmantonioni,MarioIglesias
bergmantonioni,guillehormigo
bergmantonioni,will_llermo
bergmantonioni,uryenbg
Maties_TP,Borinot
Maties_TP,Lobo_Lopez
Maties_TP,ezequiel2517
Maties_TP,AlCorona
Maties_TP,MabuseCaligari
Maties_TP,mmgarnica
Maties_TP,A_Karerina
Maties_TP,DiegoH2000
Maties_TP,Simonsds
Maties_TP,Malala
Maties_TP,Vareludo
Maties_TP,bander7
Maties_TP,aixa72
Maties_TP,FaildeGuionista
Maties_TP,Batty
Maties_TP,paloma55
Maties_TP,jal90
Maties_TP,jorgepm91
Maties_TP,firejuice
davidpardi97,bustinduy
davidpardi97,jjm_24
davidpardi97,DanielQuinn
davidpardi97,DanielEscaners
davidpardi97,guillehormigo
davidpardi97,mmgarnica
davidpardi97,will_llermo
davidpardi97,mrtoldo
davidpardi97,Faure
davidpardi97,AlCorona
davidpardi97,Vicioinherente
davidpardi97,migblah
Endika,Paula_Arantzazu
Endika,Vicioinherente
Endika,will_llermo
Endika,guillehormigo
Endika,Simonsds
Endika,DanielQuinn
Endika,mrtoldo
DanielQuinn,fifoleCFC
DanielQuinn,JoanCuadrado
DanielQuinn,luisru
DanielQuinn,genzai_2
DanielQuinn,ezequiel2517
DanielQuinn,jal90
DanielQuinn,elenacf
DanielQuinn,Ivan_Suarez
DanielQuinn,davidpardi97
DanielQuinn,Saba1e7e
DanielQuinn,Simonsds
DanielQuinn,fshtravis
DanielQuinn,Batty
DanielQuinn,utges
DanielQuinn,paloma55
DanielQuinn,ExplodingBoy
DanielQuinn,Mann_Ohne_Namen
DanielQuinn,Javchas
DanielQuinn,jjm_24
DanielQuinn,uryenbg
DanielQuinn,MabuseCaligari
DanielQuinn,will_llermo
DanielQuinn,A_Karerina
DanielQuinn,Alberto87FR
DanielQuinn,mmgarnica
DanielQuinn,guillehormigo
DanielQuinn,A_de_la_Hoz
DanielQuinn,Ninotchka
DanielQuinn,LBaena
DanielQuinn,bergmantonioni
DanielQuinn,Isaac98tm
DanielQuinn,FaildeGuionista
DanielQuinn,MarioIglesias
DanielQuinn,Endika
DanielQuinn,DanielEscaners
DanielQuinn,jasikedevicius
DanielQuinn,Vicioinherente
DanielQuinn,aixa72
DanielQuinn,Faure
DanielQuinn,Lobo_Lopez
DanielQuinn,RachelMyGod
DanielQuinn,mrtoldo
DanielQuinn,migblah
A_de_la_Hoz,Bracero
A_de_la_Hoz,migblah
A_de_la_Hoz,LBaena
A_de_la_Hoz,Lobo_Lopez
A_de_la_Hoz,Ninotchka
A_de_la_Hoz,RachelMyGod
A_de_la_Hoz,DanielQuinn
A_de_la_Hoz,firejuice
Faure,gorkalonso1
Faure,ezequiel2517
Faure,mrtoldo
Faure,marioquema
Faure,elenacf
Faure,bergmantonioni
Faure,paloma55
Faure,bustinduy
Faure,marctorres
Faure,ExplodingBoy
Faure,LBaena
Faure,MarioIglesias
Faure,Vareludo
Faure,fshtravis
Faure,A_Karerina
Faure,Mann_Ohne_Namen
Faure,Dani1Medina
Faure,Ninotchka
Faure,uryenbg
Faure,jjm_24
Faure,DanielQuinn
Faure,FaildeGuionista
Faure,jal90
Faure,mmgarnica
Faure,Blackcoffee
Faure,RachelMyGod
Faure,firejuice
Faure,jorgepm91
Faure,Alberto87FR
Faure,DiegoH2000
Faure,Batty
Faure,aixa72
Faure,Isaac98tm
Faure,DanielEscaners
Faure,guillehormigo
Faure,rafaqc97
Faure,Trueno
Faure,will_llermo
Faure,Javchas
Faure,utges
Faure,parhelic
Faure,antares_not
Paula_Arantzazu,Endika
Paula_Arantzazu,Tannhauser
Paula_Arantzazu,fabregatto
Paula_Arantzazu,ExplodingBoy
Paula_Arantzazu,jal90
Paula_Arantzazu,Ivan_Suarez
Paula_Arantzazu,mrtoldo
Paula_Arantzazu,ezequiel2517
Malala,Tannhauser
Malala,JoanCuadrado
Malala,elenacf
Malala,migblah
Malala,LBaena
Malala,Didacus
Malala,diogoserafim
Malala,MarioIglesias
Malala,Borinot
Malala,utges
Malala,jjm_24
Malala,mmgarnica
Malala,will_llermo
Malala,Faure
Malala,Ninotchka
Malala,fshtravis
Malala,Batty
Malala,RachelMyGod
Malala,DanielQuinn
Malala,Ivan_Suarez
Malala,Blackcoffee
Malala,bustinduy
Malala,Lubilder
Malala,A_de_la_Hoz
Malala,Lobo_Lopez
Malala,paloma55
Malala,ExplodingBoy
Malala,Maties_TP
Malala,MabuseCaligari
Malala,Carlos_
Malala,jal90
Ninotchka,gorkalonso1
Ninotchka,Sirah_Wiedemann
Ninotchka,MartialCantarel
Ninotchka,genzai_2
Ninotchka,ezequiel2517
Ninotchka,elenacf
Ninotchka,utges
Ninotchka,guillehormigo
Ninotchka,bergmantonioni
Ninotchka,Bracero
Ninotchka,paloma55
Ninotchka,fshtravis
Ninotchka,Ivan_Suarez
Ninotchka,Vareludo
Ninotchka,jjm_24
Ninotchka,Mann_Ohne_Namen
Ninotchka,Batty
Ninotchka,A_Karerina
Ninotchka,uryenbg
Ninotchka,diogoserafim
Ninotchka,will_llermo
Ninotchka,Carlos_
Ninotchka,MarioIglesias
Ninotchka,mrtoldo
Ninotchka,DanielQuinn
Ninotchka,ExplodingBoy
Ninotchka,antares_not
Ninotchka,aixa72
Ninotchka,FaildeGuionista
Ninotchka,migblah
Ninotchka,jasikedevicius
Ninotchka,mmgarnica
Ninotchka,LBaena
Ninotchka,jal90
Ninotchka,Lobo_Lopez
Ninotchka,fleming22
Ninotchka,Vicioinherente
Ninotchka,jorgepm91
Ninotchka,Isaac98tm
Ninotchka,Blackcoffee
Ninotchka,Javchas
Ninotchka,firejuice
Ninotchka,Faure
Ninotchka,RachelMyGod
DanielEscaners,Simonsds
DanielEscaners,genzai_2
DanielEscaners,paloma55
DanielEscaners,utges
DanielEscaners,antares_not
DanielEscaners,MarioIglesias
DanielEscaners,migblah
DanielEscaners,Batty
DanielEscaners,bustinduy
DanielEscaners,uryenbg
DanielEscaners,AlCorona
DanielEscaners,A_Karerina
DanielEscaners,Trueno
DanielEscaners,jorgepm91
DanielEscaners,Ivan_Suarez
DanielEscaners,diogoserafim
DanielEscaners,Alberto87FR
DanielEscaners,guillehormigo
DanielEscaners,davidpardi97
DanielEscaners,rafaqc97
DanielEscaners,mmgarnica
DanielEscaners,jjm_24
DanielEscaners,firejuice
DanielEscaners,Javchas
DanielEscaners,DanielQuinn
DanielEscaners,Saba1e7e
DanielEscaners,Dani1Medina
DanielEscaners,Mann_Ohne_Namen
DanielEscaners,will_llermo
DanielEscaners,Isaac98tm
DanielEscaners,Vicioinherente
DanielEscaners,Faure
Saba1e7e,will_llermo
Saba1e7e,edgarfaber
Saba1e7e,jal90
Saba1e7e,utges
Saba1e7e,diogoserafim
Saba1e7e,Ivan_Suarez
Saba1e7e,Isaac98tm
Saba1e7e,Mann_Ohne_Namen
Saba1e7e,paloma55
Saba1e7e,DanielQuinn
Saba1e7e,migblah
Saba1e7e,fshtravis
Saba1e7e,bustinduy
Saba1e7e,jjm_24
Saba1e7e,FaildeGuionista
Saba1e7e,mmgarnica
Saba1e7e,Faure
Saba1e7e,DanielEscaners
Vicioinherente,Endika
Vicioinherente,genzai_2
Vicioinherente,uryenbg
Vicioinherente,diogoserafim
Vicioinherente,Blackcoffee
Vicioinherente,Vareludo
Vicioinherente,jjm_24
Vicioinherente,utges
Vicioinherente,paloma55
Vicioinherente,bustinduy
Vicioinherente,Batty
Vicioinherente,mrtoldo
Vicioinherente,A_Karerina
Vicioinherente,davidpardi97
Vicioinherente,guillehormigo
Vicioinherente,mmgarnica
Vicioinherente,LBaena
Vicioinherente,MarioIglesias
Vicioinherente,DanielQuinn
Vicioinherente,Lobo_Lopez
Vicioinherente,jal90
Vicioinherente,migblah
Vicioinherente,Ninotchka
Vicioinherente,RachelMyGod
Vicioinherente,firejuice
Vicioinherente,Isaac98tm
Vicioinherente,Mann_Ohne_Namen
Vicioinherente,DanielEscaners
Vicioinherente,will_llermo
jjm_24,bennu
jjm_24,HugoRomero
jjm_24,fifoleCFC
jjm_24,A_Karerina
jjm_24,Doark13
jjm_24,DavidGS90
jjm_24,Alberto87FR
jjm_24,Bracero
jjm_24,bustinduy
jjm_24,Marcos_M_Rom
jjm_24,ezequiel2517
jjm_24,HEYMYMAN
jjm_24,LBaena
jjm_24,Juanky97
jjm_24,MartialCantarel
jjm_24,gorkalonso1
jjm_24,davidpardi97
jjm_24,aixa72
jjm_24,genzai_2
jjm_24,TaeSuk
jjm_24,jorgepm91
jjm_24,guillehormigo
jjm_24,elenacf
jjm_24,Vicioinherente
jjm_24,Javchas
jjm_24,Borinot
jjm_24,Tannhauser
jjm_24,bergmantonioni
jjm_24,MarioIglesias
jjm_24,Carlos_
jjm_24,paloma55
jjm_24,will_llermo
jjm_24,migblah
jjm_24,Isaac98tm
jjm_24,fshtravis
jjm_24,Ivan_Suarez
jjm_24,Ninotchka
jjm_24,jal90
jjm_24,MabuseCaligari
jjm_24,mmgarnica
jjm_24,Dani1Medina
jjm_24,Saba1e7e
jjm_24,DanielQuinn
jjm_24,Vareludo
jjm_24,ExplodingBoy
jjm_24,Batty
jjm_24,uryenbg
jjm_24,utges
jjm_24,antares_not
jjm_24,AlbertoMilano
jjm_24,rafaqc97
jjm_24,Mann_Ohne_Namen
jjm_24,DanielEscaners
jjm_24,Faure
Blackcoffee,ezequiel2517
Blackcoffee,uryenbg
Blackcoffee,Malala
Blackcoffee,diogoserafim
Blackcoffee,mmgarnica
Blackcoffee,RachelMyGod
Blackcoffee,Isaac98tm
Blackcoffee,Lobo_Lopez
Blackcoffee,firejuice
Blackcoffee,migblah
Blackcoffee,Faure
HEYMYMAN,Marcos_M_Rom
HEYMYMAN,jal90
HEYMYMAN,guillehormigo
HEYMYMAN,jjm_24
HEYMYMAN,A_Karerina
HEYMYMAN,ezequiel2517
HEYMYMAN,DanielQuinn
HEYMYMAN,gorkalonso1
HEYMYMAN,Batty
HEYMYMAN,Alberto87FR
HEYMYMAN,Mann_Ohne_Namen
HEYMYMAN,Faure
HEYMYMAN,mmgarnica
HEYMYMAN,uryenbg
HEYMYMAN,ExplodingBoy
HEYMYMAN,Blackcoffee
HEYMYMAN,Vareludo
HEYMYMAN,Vicioinherente
HEYMYMAN,Lobo_Lopez
HEYMYMAN,paloma55
HEYMYMAN,TaeSuk
HEYMYMAN,Juanky97
HEYMYMAN,migblah
HEYMYMAN,FilmCanet
HEYMYMAN,will_llermo
HEYMYMAN,genzai_2
HEYMYMAN,jorgepm91
Mann_Ohne_Namen,gorkalonso1
Mann_Ohne_Namen,genzai_2
Mann_Ohne_Namen,HEYMYMAN
Mann_Ohne_Namen,MartialCantarel
Mann_Ohne_Namen,Vareludo
Mann_Ohne_Namen,marioquema
Mann_Ohne_Namen,Javchas
Mann_Ohne_Namen,paloma55
Mann_Ohne_Namen,Batty
Mann_Ohne_Namen,Saba1e7e
Mann_Ohne_Namen,bander7
Mann_Ohne_Namen,bustinduy
Mann_Ohne_Namen,DanielQuinn
Mann_Ohne_Namen,Ivan_Suarez
Mann_Ohne_Namen,Ninotchka
Mann_Ohne_Namen,A_Karerina
Mann_Ohne_Namen,uryenbg
Mann_Ohne_Namen,utges
Mann_Ohne_Namen,antares_not
Mann_Ohne_Namen,guillehormigo
Mann_Ohne_Namen,jal90
Mann_Ohne_Namen,rafaqc97
Mann_Ohne_Namen,jjm_24
Mann_Ohne_Namen,RachelMyGod
Mann_Ohne_Namen,DanielEscaners
Mann_Ohne_Namen,jorgepm91
Mann_Ohne_Namen,Tannhauser
Mann_Ohne_Namen,fleming22
Mann_Ohne_Namen,will_llermo
Mann_Ohne_Namen,firejuice
Mann_Ohne_Namen,Vicioinherente
Mann_Ohne_Namen,Faure
Mann_Ohne_Namen,Isaac98tm
fabregatto,Simonsds
fabregatto,Ivan_Suarez
fabregatto,rafaqc97
fabregatto,jasikedevicius
fabregatto,Faure
fabregatto,Paula_Arantzazu
fabregatto,A_de_la_Hoz
fabregatto,marioquema
fabregatto,Bracero
fabregatto,Endika
fabregatto,guillehormigo
fabregatto,migblah
fabregatto,mrtoldo
fabregatto,Vicioinherente
fabregatto,DanielQuinn
fabregatto,MarioIglesias
fabregatto,RachelMyGod
fabregatto,mmgarnica
fabregatto,will_llermo
Batty,genzai_2
Batty,Vareludo
Batty,guillehormigo
Batty,Mann_Ohne_Namen
Batty,Carlos_
Batty,mrtoldo
Batty,Isaac98tm
Batty,jorgepm91
Batty,bergmantonioni
Batty,paloma55
Batty,Malala
Batty,bustinduy
Batty,Xator_Nova
Batty,DiegoH2000
Batty,Ninotchka
Batty,Ivan_Suarez
Batty,DanielEscaners
Batty,Dani1Medina
Batty,utges
Batty,mmgarnica
Batty,RachelMyGod
Batty,uryenbg
Batty,ExplodingBoy
Batty,rafaqc97
Batty,will_llermo
Batty,jjm_24
Batty,Javchas
Batty,Maties_TP
Batty,Blackcoffee
Batty,Trueno
Batty,DanielQuinn
Batty,firejuice
Batty,Alberto87FR
Batty,diogoserafim
Batty,FaildeGuionista
Batty,parhelic
Batty,antares_not
Batty,migblah
Batty,fshtravis
Batty,Vicioinherente
Batty,aixa72
Batty,jal90
Batty,Lobo_Lopez
Batty,Faure
AlbertoMilano,paloma55
AlbertoMilano,rafaqc97
AlbertoMilano,jjm_24
firejuice,A_Karerina
firejuice,mmgarnica
firejuice,utges
firejuice,uryenbg
firejuice,jjm_24
firejuice,guillehormigo
firejuice,DanielQuinn
firejuice,Maties_TP
firejuice,antares_not
firejuice,Batty
firejuice,A_de_la_Hoz
firejuice,DanielEscaners
firejuice,LBaena
firejuice,jal90
firejuice,migblah
firejuice,Blackcoffee
firejuice,Ninotchka
firejuice,fleming22
firejuice,Lobo_Lopez
firejuice,Isaac98tm
firejuice,Mann_Ohne_Namen
firejuice,Vicioinherente
firejuice,aixa72
firejuice,Faure
Alberto87FR,jjm_24
Alberto87FR,Simonsds
Alberto87FR,HEYMYMAN
Alberto87FR,paloma55
Alberto87FR,ezequiel2517
Alberto87FR,jal90
Alberto87FR,Ivan_Suarez
Alberto87FR,DanielQuinn
Alberto87FR,uryenbg
Alberto87FR,Isaac98tm
Alberto87FR,rafaqc97
Alberto87FR,Batty
Alberto87FR,DanielEscaners
Alberto87FR,LBaena
Alberto87FR,mmgarnica
Alberto87FR,RachelMyGod
Alberto87FR,parhelic
Alberto87FR,FaildeGuionista
Alberto87FR,Lobo_Lopez
Alberto87FR,Faure
Alberto87FR,migblah
bustinduy,jasikedevicius
bustinduy,jjm_24
bustinduy,davidpardi97
bustinduy,Hectorog
bustinduy,Blackcoffee
bustinduy,Maties_TP
bustinduy,maximo_
bustinduy,Isaac98tm
bustinduy,utges
bustinduy,Ivan_Suarez
bustinduy,Lobo_Lopez
bustinduy,DanielQuinn
bustinduy,Faure
bustinduy,paloma55
bustinduy,A_Karerina
bustinduy,Mann_Ohne_Namen
bustinduy,jal90
bustinduy,Vicioinherente
bustinduy,will_llermo
bustinduy,Batty
bustinduy,MarioIglesias
bustinduy,guillehormigo
bustinduy,Saba1e7e
bustinduy,ExplodingBoy
bustinduy,migblah
bustinduy,Malala
bustinduy,mmgarnica
bustinduy,Ninotchka
bustinduy,DanielEscaners
bustinduy,uryenbg
antares_not,Dani1Medina
antares_not,parhelic
antares_not,DanielQuinn
antares_not,will_llermo
antares_not,mmgarnica
antares_not,DanielEscaners
antares_not,Javchas
antares_not,uryenbg
antares_not,rafaqc97
antares_not,jal90
antares_not,Mann_Ohne_Namen
antares_not,jjm_24
antares_not,Batty
antares_not,FaildeGuionista
antares_not,Isaac98tm
antares_not,Ninotchka
antares_not,Faure
guillehormigo,genzai_2
guillehormigo,ezequiel2517
guillehormigo,utges
guillehormigo,fshtravis
guillehormigo,paloma55
guillehormigo,mrtoldo
guillehormigo,jjm_24
guillehormigo,Ninotchka
guillehormigo,Endika
guillehormigo,firejuice
guillehormigo,marioquema
guillehormigo,bustinduy
guillehormigo,davidpardi97
guillehormigo,Simonsds
guillehormigo,jal90
guillehormigo,AlCorona
guillehormigo,Vareludo
guillehormigo,uryenbg
guillehormigo,A_Karerina
guillehormigo,Lobo_Lopez
guillehormigo,Mann_Ohne_Namen
guillehormigo,diogoserafim
guillehormigo,LBaena
guillehormigo,DanielQuinn
guillehormigo,Isaac98tm
guillehormigo,DanielEscaners
guillehormigo,mmgarnica
guillehormigo,migblah
guillehormigo,Faure
guillehormigo,Vicioinherente
guillehormigo,MarioIglesias
guillehormigo,will_llermo
Javchas,paloma55
Javchas,Mann_Ohne_Namen
Javchas,jjm_24
Javchas,DanielQuinn
Javchas,antares_not
Javchas,will_llermo
Javchas,Batty
Javchas,A_Karerina
Javchas,utges
Javchas,uryenbg
Javchas,RachelMyGod
Javchas,diogoserafim
Javchas,jal90
Javchas,migblah
Javchas,DanielEscaners
Javchas,Isaac98tm
Javchas,Dani1Medina
Javchas,Ninotchka
Javchas,Faure
genzai_2,FilmCanet
genzai_2,bennu
genzai_2,luisru
genzai_2,Blackcoffee
genzai_2,firejuice
genzai_2,davidpardi97
genzai_2,A_Karerina
genzai_2,marctorres
genzai_2,Bracero
genzai_2,ezequiel2517
genzai_2,guillehormigo
genzai_2,Vicioinherente
genzai_2,Marcos_M_Rom
genzai_2,diogoserafim
genzai_2,will_llermo
genzai_2,Lobo_Lopez
genzai_2,mmgarnica
genzai_2,RachelMyGod
genzai_2,gorkalonso1
genzai_2,Dani1Medina
genzai_2,jal90
genzai_2,migblah
genzai_2,fshtravis
genzai_2,Bernatus
genzai_2,DanielQuinn
genzai_2,MarioIglesias
genzai_2,Doark13
genzai_2,utges
genzai_2,Faure
genzai_2,jjm_24
genzai_2,marioquema
genzai_2,Ninotchka
genzai_2,paloma55
genzai_2,Batty
genzai_2,Simonsds
genzai_2,TaeSuk
genzai_2,Manuki
genzai_2,Juanky97
Isaac98tm,genzai_2
Isaac98tm,elenacf
Isaac98tm,bustinduy
Isaac98tm,Saba1e7e
Isaac98tm,Ivan_Suarez
Isaac98tm,bergmantonioni
Isaac98tm,Batty
Isaac98tm,fshtravis
Isaac98tm,jjm_24
Isaac98tm,ExplodingBoy
Isaac98tm,marctorres
Isaac98tm,paloma55
Isaac98tm,Vareludo
Isaac98tm,Dani1Medina
Isaac98tm,rafaqc97
Isaac98tm,uryenbg
Isaac98tm,Javchas
Isaac98tm,Alberto87FR
Isaac98tm,guillehormigo
Isaac98tm,mmgarnica
Isaac98tm,utges
Isaac98tm,antares_not
Isaac98tm,diogoserafim
Isaac98tm,jal90
Isaac98tm,LBaena
Isaac98tm,MarioIglesias
Isaac98tm,Blackcoffee
Isaac98tm,FaildeGuionista
Isaac98tm,DanielQuinn
Isaac98tm,RachelMyGod
Isaac98tm,aixa72
Isaac98tm,Lobo_Lopez
Isaac98tm,migblah
Isaac98tm,Ninotchka
Isaac98tm,fleming22
Isaac98tm,firejuice
Isaac98tm,Vicioinherente
Isaac98tm,Mann_Ohne_Namen
Isaac98tm,DanielEscaners
Isaac98tm,will_llermo
Isaac98tm,Faure
marctorres,ezequiel2517
marctorres,paloma55
marctorres,A_Karerina
marctorres,Lobo_Lopez
marctorres,uryenbg
marctorres,Faure
marctorres,DanielQuinn
marctorres,Isaac98tm
marctorres,migblah
marctorres,will_llermo
marctorres,diogoserafim
marioquema,Ivan_Suarez
marioquema,Faure
marioquema,stalker98
marioquema,Simonsds
marioquema,Mann_Ohne_Namen
marioquema,paloma55
marioquema,bergmantonioni
marioquema,guillehormigo
marioquema,will_llermo
marioquema,migblah
marioquema,Vicioinherente
marioquema,Dani1Medina
Juanky97,gorkalonso1
Juanky97,will_llermo
Juanky97,Marcos_M_Rom
Juanky97,Bernatus
Juanky97,aixa72
Juanky97,Faure
Juanky97,Paula_Arantzazu
Juanky97,edgarfaber
Juanky97,HEYMYMAN
Juanky97,marioquema
Juanky97,jjm_24
Juanky97,DanielQuinn
Juanky97,Batty
Juanky97,paloma55
Juanky97,genzai_2
Juanky97,migblah
Jorgemz,Javchas
Jorgemz,fshtravis
Jorgemz,gorkalonso1
Jorgemz,guillehormigo
Jorgemz,migblah
Jorgemz,Simonsds
Jorgemz,marioquema
Jorgemz,Ninotchka
Jorgemz,jjm_24
Jorgemz,DanielQuinn
Jorgemz,Batty
Jorgemz,will_llermo
Jorgemz,paloma55
Jorgemz,Faure
Jorgemz,mmgarnica
Jorgemz,Tannhauser
jorgepm91,Simonsds
jorgepm91,Endika
jorgepm91,AlCorona
jorgepm91,jjm_24
jorgepm91,DanielQuinn
jorgepm91,DanielEscaners
jorgepm91,Batty
jorgepm91,firejuice
jorgepm91,Tannhauser
jorgepm91,Ninotchka
jorgepm91,Mann_Ohne_Namen
jorgepm91,Vicioinherente
jorgepm91,will_llermo
jorgepm91,Isaac98tm
jorgepm91,Faure
Dani1Medina,genzai_2
Dani1Medina,ezequiel2517
Dani1Medina,antares_not
Dani1Medina,paloma55
Dani1Medina,A_Karerina
Dani1Medina,rafaqc97
Dani1Medina,jal90
Dani1Medina,Ivan_Suarez
Dani1Medina,jjm_24
Dani1Medina,Batty
Dani1Medina,uryenbg
Dani1Medina,will_llermo
Dani1Medina,mmgarnica
Dani1Medina,Saba1e7e
Dani1Medina,marioquema
Dani1Medina,Isaac98tm
Dani1Medina,Vicioinherente
Dani1Medina,Javchas
Dani1Medina,DanielEscaners
Dani1Medina,Faure
Carlos_,Borinot
Carlos_,Vicioinherente
Carlos_,Maties_TP
Carlos_,Batty
Carlos_,jjm_24
Carlos_,fshtravis
Carlos_,Ivan_Suarez
Carlos_,jal90
Carlos_,diogoserafim
Carlos_,Simonsds
Carlos_,A_Karerina
Carlos_,migblah
Carlos_,mmgarnica
Carlos_,Malala
Carlos_,Javchas
Carlos_,LBaena
Carlos_,RachelMyGod
Carlos_,Ninotchka
Carlos_,ExplodingBoy
Sirah_Wiedemann,Ivan_Suarez
Sirah_Wiedemann,Ninotchka
Sirah_Wiedemann,RachelMyGod
Sirah_Wiedemann,Manuki
Sirah_Wiedemann,paloma55
Sirah_Wiedemann,FaildeGuionista
Sirah_Wiedemann,Saba1e7e
jaimeac,Lobo_Lopez
jaimeac,bergmantonioni
jaimeac,gorkalonso1
jaimeac,Faure
jaimeac,diogoserafim
jaimeac,TaeSuk
jaimeac,will_llermo
jaimeac,DanielQuinn
jaimeac,mmgarnica
jaimeac,Ninotchka
jaimeac,marioquema
jaimeac,jjm_24
jaimeac,Batty
jaimeac,paloma55
jaimeac,MarioIglesias
jaimeac,Doark13
MartialCantarel,Simonsds
MartialCantarel,A_Karerina
MartialCantarel,Mann_Ohne_Namen
MartialCantarel,RachelMyGod
MartialCantarel,uryenbg
MartialCantarel,Maties_TP
MartialCantarel,Faure
MartialCantarel,marioquema
MartialCantarel,Ninotchka
MartialCantarel,will_llermo
MartialCantarel,DanielQuinn
MartialCantarel,Isaac98tm
MartialCantarel,paloma55
MartialCantarel,Batty
MartialCantarel,migblah
MartialCantarel,jjm_24
will_llermo,A_Karerina
will_llermo,genzai_2
will_llermo,Batty
will_llermo,ezequiel2517
will_llermo,Endika
will_llermo,guillehormigo
will_llermo,utges
will_llermo,paloma55
will_llermo,LaCaneli
will_llermo,jjm_24
will_llermo,AlCorona
will_llermo,bustinduy
will_llermo,davidpardi97
will_llermo,mmgarnica
will_llermo,marioquema
will_llermo,Javchas
will_llermo,DanielQuinn
will_llermo,rafaqc97
will_llermo,uryenbg
will_llermo,Ninotchka
will_llermo,Vareludo
will_llermo,edgarfaber
will_llermo,RachelMyGod
will_llermo,MarioIglesias
will_llermo,Lobo_Lopez
will_llermo,migblah
will_llermo,Mann_Ohne_Namen
will_llermo,DanielEscaners
will_llermo,Isaac98tm
will_llermo,Vicioinherente
will_llermo,Faure
maximo_,bustinduy
Didacus,gorkalonso1
Didacus,elenacf
Didacus,Malala
Didacus,paloma55
Didacus,Ninotchka
Didacus,utges
Didacus,Lobo_Lopez
parhelic,Batty
parhelic,jal90
parhelic,LBaena
parhelic,Alberto87FR
parhelic,antares_not
parhelic,Faure
Lubilder,TaeSuk
Lubilder,HEYMYMAN
Lubilder,MrLombreeze
Lubilder,ezequiel2517
Lubilder,jal90
Lubilder,Manuki
Lubilder,Tannhauser
Lubilder,FilmCanet
Lubilder,Simonsds
Lubilder,paloma55
Lubilder,JoanCuadrado
Lubilder,Malala
