Usuario,Follower
paloma55,edgarfaber
paloma55,HugoRomero
paloma55,DiegoH2000
paloma55,Xator_Nova
paloma55,luisru
paloma55,Marcos_M_Rom
paloma55,mrtoldo
paloma55,marctorres
paloma55,Vareludo
paloma55,Hectorog
paloma55,manuelsanbai
paloma55,AlbertoMilano
paloma55,HEYMYMAN
paloma55,Alvaro_souvlaki
paloma55,jasikedevicius
paloma55,jaimeac
paloma55,LBaena
paloma55,bennu
paloma55,AlCorona
paloma55,Trueno
paloma55,MartialCantarel
paloma55,Sirah_Wiedemann
paloma55,MrLombreeze
paloma55,Juanky97
paloma55,genzai_2
paloma55,aixa72
paloma55,gorkalonso1
paloma55,bander7
paloma55,guillehormigo
paloma55,FilmCanet
paloma55,Lubilder
paloma55,Simonsds
paloma55,Alberto87FR
paloma55,DavidGS90
paloma55,Dani1Medina
paloma55,TaeSuk
paloma55,rafaqc97
paloma55,will_llermo
paloma55,LaCaneli
paloma55,FaildeGuionista
paloma55,alemartin
paloma55,elenacf
paloma55,DanielEscaners
paloma55,Javchas
paloma55,Doark13
paloma55,Jorgemz
paloma55,Manuki
paloma55,uryenbg
paloma55,Didacus
paloma55,MabuseCaligari
paloma55,mmgarnica
paloma55,Mann_Ohne_Namen
paloma55,MarioIglesias
paloma55,marioquema
paloma55,Saba1e7e
paloma55,bergmantonioni
paloma55,Lobo_Lopez
paloma55,Faure
paloma55,Tannhauser
paloma55,Vicioinherente
paloma55,utges
paloma55,ezequiel2517
paloma55,Ninotchka
paloma55,jjm_24
paloma55,DanielQuinn
paloma55,ExplodingBoy
paloma55,A_Karerina
paloma55,fshtravis
paloma55,bustinduy
paloma55,JoanCuadrado
paloma55,RachelMyGod
paloma55,Borinot
paloma55,Isaac98tm
paloma55,Ivan_Suarez
paloma55,jal90
paloma55,Bernatus
paloma55,Batty
paloma55,Malala
paloma55,Maties_TP
Lobo_Lopez,jaimeac
Lobo_Lopez,gorkalonso1
Lobo_Lopez,fifoleCFC
Lobo_Lopez,DavidGS90
Lobo_Lopez,Bracero
Lobo_Lopez,genzai_2
Lobo_Lopez,Tannhauser
Lobo_Lopez,alemartin
Lobo_Lopez,HEYMYMAN
Lobo_Lopez,elenacf
Lobo_Lopez,marctorres
Lobo_Lopez,Borinot
Lobo_Lopez,Trueno
Lobo_Lopez,ExplodingBoy
Lobo_Lopez,bustinduy
Lobo_Lopez,paloma55
Lobo_Lopez,HugoRomero
Lobo_Lopez,bergmantonioni
Lobo_Lopez,ezequiel2517
Lobo_Lopez,Maties_TP
Lobo_Lopez,fshtravis
Lobo_Lopez,diogoserafim
Lobo_Lopez,Xator_Nova
Lobo_Lopez,DiegoH2000
Lobo_Lopez,Malala
Lobo_Lopez,A_Karerina
Lobo_Lopez,MabuseCaligari
Lobo_Lopez,mrtoldo
Lobo_Lopez,guillehormigo
Lobo_Lopez,uryenbg
Lobo_Lopez,Ivan_Suarez
Lobo_Lopez,rafaqc97
Lobo_Lopez,Didacus
Lobo_Lopez,Alberto87FR
Lobo_Lopez,A_de_la_Hoz
Lobo_Lopez,utges
Lobo_Lopez,mmgarnica
Lobo_Lopez,Blackcoffee
Lobo_Lopez,FaildeGuionista
Lobo_Lopez,MarioIglesias
Lobo_Lopez,DanielQuinn
Lobo_Lopez,jal90
Lobo_Lopez,Vicioinherente
Lobo_Lopez,Batty
Lobo_Lopez,LBaena
Lobo_Lopez,will_llermo
Lobo_Lopez,Isaac98tm
Lobo_Lopez,Ninotchka
Lobo_Lopez,RachelMyGod
Lobo_Lopez,firejuice
Lobo_Lopez,migblah
Lobo_Lopez,aixa72
AlCorona,LaCaneli
AlCorona,paloma55
AlCorona,Hectorog
AlCorona,jorgepm91
AlCorona,Bernatus
AlCorona,fshtravis
AlCorona,mmgarnica
AlCorona,jal90
AlCorona,will_llermo
AlCorona,Maties_TP
AlCorona,mrtoldo
AlCorona,davidpardi97
AlCorona,guillehormigo
AlCorona,JoanCuadrado
AlCorona,DanielEscaners
jasikedevicius,bustinduy
jasikedevicius,Simonsds
jasikedevicius,bander7
jasikedevicius,paloma55
jasikedevicius,alemartin
jasikedevicius,fabregatto
jasikedevicius,jal90
jasikedevicius,ExplodingBoy
jasikedevicius,mmgarnica
jasikedevicius,LBaena
jasikedevicius,Ninotchka
jasikedevicius,DanielQuinn
jasikedevicius,RachelMyGod
jasikedevicius,aixa72
Manuki,jal90
Manuki,DavidGS90
Manuki,Sirah_Wiedemann
Manuki,MrLombreeze
Manuki,TaeSuk
Manuki,gorkalonso1
Manuki,Lubilder
Manuki,Simonsds
Manuki,Borinot
Manuki,FilmCanet
Manuki,genzai_2
Manuki,paloma55
Manuki,Tannhauser
Manuki,JoanCuadrado
Xator_Nova,paloma55
Xator_Nova,ezequiel2517
Xator_Nova,Batty
Xator_Nova,Trueno
edgarfaber,Juanky97
edgarfaber,jal90
edgarfaber,Saba1e7e
edgarfaber,Simonsds
edgarfaber,LaCaneli
edgarfaber,Ivan_Suarez
edgarfaber,will_llermo
MarioIglesias,jaimeac
MarioIglesias,genzai_2
MarioIglesias,Simonsds
MarioIglesias,Malala
MarioIglesias,Hectorog
MarioIglesias,utges
MarioIglesias,fabregatto
MarioIglesias,jjm_24
MarioIglesias,ezequiel2517
MarioIglesias,paloma55
MarioIglesias,RachelMyGod
MarioIglesias,fshtravis
MarioIglesias,MabuseCaligari
MarioIglesias,bergmantonioni
MarioIglesias,DanielEscaners
MarioIglesias,bustinduy
MarioIglesias,Faure
MarioIglesias,Ninotchka
MarioIglesias,Ivan_Suarez
MarioIglesias,guillehormigo
MarioIglesias,LBaena
MarioIglesias,jal90
MarioIglesias,Isaac98tm
MarioIglesias,mmgarnica
MarioIglesias,will_llermo
MarioIglesias,Vicioinherente
MarioIglesias,DanielQuinn
MarioIglesias,Lobo_Lopez
aixa72,luisru
aixa72,Juanky97
aixa72,ezequiel2517
aixa72,jjm_24
aixa72,Simonsds
aixa72,paloma55
aixa72,bergmantonioni
aixa72,Ivan_Suarez
aixa72,Faure
aixa72,Maties_TP
aixa72,Ninotchka
aixa72,Batty
aixa72,DanielQuinn
aixa72,Isaac98tm
aixa72,FaildeGuionista
aixa72,LBaena
aixa72,jal90
aixa72,fleming22
aixa72,firejuice
aixa72,jasikedevicius
aixa72,RachelMyGod
aixa72,Lobo_Lopez
LaCaneli,Doark13
LaCaneli,AlCorona
LaCaneli,Simonsds
LaCaneli,paloma55
LaCaneli,will_llermo
LaCaneli,edgarfaber
FilmCanet,genzai_2
FilmCanet,Marcos_M_Rom
FilmCanet,HEYMYMAN
FilmCanet,MrLombreeze
FilmCanet,Simonsds
FilmCanet,TaeSuk
FilmCanet,Manuki
FilmCanet,Lubilder
FilmCanet,JoanCuadrado
FilmCanet,Tannhauser
FilmCanet,paloma55
JoanCuadrado,TaeSuk
JoanCuadrado,jal90
JoanCuadrado,DanielQuinn
JoanCuadrado,Malala
JoanCuadrado,Marcos_M_Rom
JoanCuadrado,MabuseCaligari
JoanCuadrado,MrLombreeze
JoanCuadrado,gorkalonso1
JoanCuadrado,FilmCanet
JoanCuadrado,Lubilder
JoanCuadrado,Borinot
JoanCuadrado,paloma55
JoanCuadrado,Tannhauser
JoanCuadrado,Manuki
JoanCuadrado,Simonsds
JoanCuadrado,Bernatus
JoanCuadrado,AlCorona
DiegoH2000,elenacf
DiegoH2000,paloma55
DiegoH2000,jal90
DiegoH2000,Batty
DiegoH2000,Faure
DiegoH2000,Maties_TP
elenacf,gorkalonso1
elenacf,DavidGS90
elenacf,Marcos_M_Rom
elenacf,ExplodingBoy
elenacf,FaildeGuionista
elenacf,Malala
elenacf,Isaac98tm
elenacf,Didacus
elenacf,ezequiel2517
elenacf,MabuseCaligari
elenacf,DanielQuinn
elenacf,mmgarnica
elenacf,Faure
elenacf,Simonsds
elenacf,jal90
elenacf,Ivan_Suarez
elenacf,Ninotchka
elenacf,paloma55
elenacf,jjm_24
elenacf,utges
MabuseCaligari,fifoleCFC
MabuseCaligari,Borinot
MabuseCaligari,JoanCuadrado
MabuseCaligari,elenacf
MabuseCaligari,Simonsds
MabuseCaligari,Ivan_Suarez
MabuseCaligari,mmgarnica
MabuseCaligari,utges
MabuseCaligari,ezequiel2517
MabuseCaligari,paloma55
MabuseCaligari,Tannhauser
MabuseCaligari,RachelMyGod
MabuseCaligari,MarioIglesias
MabuseCaligari,DanielQuinn
MabuseCaligari,jjm_24
MabuseCaligari,fshtravis
MabuseCaligari,jal90
MabuseCaligari,Lobo_Lopez
MabuseCaligari,Malala
MabuseCaligari,Maties_TP
Alvaro_souvlaki,Ivan_Suarez
Alvaro_souvlaki,paloma55
Alvaro_souvlaki,RachelMyGod
fleming22,Simonsds
fleming22,Ivan_Suarez
fleming22,FaildeGuionista
fleming22,jal90
fleming22,Ninotchka
fleming22,RachelMyGod
fleming22,Isaac98tm
fleming22,firejuice
fleming22,Mann_Ohne_Namen
fleming22,aixa72
MrLombreeze,Marcos_M_Rom
MrLombreeze,FilmCanet
MrLombreeze,Bernatus
MrLombreeze,Borinot
MrLombreeze,Simonsds
MrLombreeze,Manuki
MrLombreeze,Lubilder
MrLombreeze,paloma55
MrLombreeze,TaeSuk
MrLombreeze,Tannhauser
MrLombreeze,JoanCuadrado
TaeSuk,FilmCanet
TaeSuk,DavidGS90
TaeSuk,JoanCuadrado
TaeSuk,Lubilder
TaeSuk,jaimeac
TaeSuk,Simonsds
TaeSuk,HEYMYMAN
TaeSuk,jal90
TaeSuk,Manuki
TaeSuk,genzai_2
TaeSuk,jjm_24
TaeSuk,gorkalonso1
TaeSuk,Bernatus
TaeSuk,alemartin
TaeSuk,paloma55
TaeSuk,Doark13
TaeSuk,Tannhauser
Tannhauser,Malala
Tannhauser,Paula_Arantzazu
Tannhauser,MrLombreeze
Tannhauser,Lubilder
Tannhauser,FilmCanet
Tannhauser,utges
Tannhauser,gorkalonso1
Tannhauser,Manuki
Tannhauser,jjm_24
Tannhauser,paloma55
Tannhauser,Borinot
Tannhauser,JoanCuadrado
Tannhauser,Jorgemz
Tannhauser,ezequiel2517
Tannhauser,TaeSuk
Tannhauser,Simonsds
Tannhauser,MabuseCaligari
Tannhauser,jorgepm91
Tannhauser,jal90
Tannhauser,Mann_Ohne_Namen
Doark13,jal90
Doark13,jjm_24
Doark13,Marcos_M_Rom
Doark13,alemartin
Doark13,genzai_2
Doark13,Simonsds
Doark13,jaimeac
Doark13,gorkalonso1
Doark13,paloma55
Doark13,TaeSuk
Borinot,gorkalonso1
Borinot,Marcos_M_Rom
Borinot,Carlos_
Borinot,TaeSuk
Borinot,MrLombreeze
Borinot,Manuki
Borinot,Tannhauser
Borinot,Simonsds
Borinot,Malala
Borinot,DavidGS90
Borinot,Ivan_Suarez
Borinot,jjm_24
Borinot,JoanCuadrado
Borinot,paloma55
Borinot,jal90
Borinot,Maties_TP
Borinot,stalker98
Borinot,Bernatus
Bernatus,DavidGS90
Bernatus,Juanky97
Bernatus,genzai_2
Bernatus,gorkalonso1
Bernatus,MrLombreeze
Bernatus,TaeSuk
Bernatus,jal90
Bernatus,Borinot
Bernatus,paloma55
Bernatus,JoanCuadrado
HugoRomero,jjm_24
HugoRomero,paloma55
jal90,fifoleCFC
jal90,Bracero
jal90,JoanCuadrado
jal90,HEYMYMAN
jal90,Marcos_M_Rom
jal90,bander7
jal90,genzai_2
jal90,gorkalonso1
jal90,edgarfaber
jal90,DanielQuinn
jal90,Lubilder
jal90,Simonsds
jal90,Saba1e7e
jal90,elenacf
jal90,ezequiel2517
jal90,DavidGS90
jal90,Lobo_Lopez
jal90,Paula_Arantzazu
jal90,Tannhauser
jal90,fshtravis
jal90,Bernatus
jal90,Borinot
jal90,parhelic
jal90,paloma55
jal90,Dani1Medina
jal90,Carlos_
jal90,Alberto87FR
jal90,Hectorog
jal90,utges
jal90,Vareludo
jal90,ExplodingBoy
jal90,Ivan_Suarez
jal90,bustinduy
jal90,mmgarnica
jal90,jjm_24
jal90,MabuseCaligari
jal90,guillehormigo
jal90,antares_not
jal90,Faure
jal90,uryenbg
jal90,Malala
jal90,Maties_TP
jal90,jasikedevicius
jal90,Mann_Ohne_Namen
jal90,Javchas
jal90,Isaac98tm
jal90,MarioIglesias
jal90,LBaena
jal90,Batty
jal90,firejuice
jal90,FaildeGuionista
jal90,fleming22
jal90,RachelMyGod
jal90,aixa72
jal90,Ninotchka
jal90,Vicioinherente
manuelsanbai,Simonsds
manuelsanbai,paloma55
LBaena,jjm_24
LBaena,paloma55
LBaena,Malala
LBaena,ezequiel2517
LBaena,Faure
LBaena,DiegoH2000
LBaena,A_Karerina
LBaena,Ivan_Suarez
LBaena,uryenbg
LBaena,Carlos_
LBaena,guillehormigo
LBaena,parhelic
LBaena,Alberto87FR
LBaena,A_de_la_Hoz
LBaena,mmgarnica
LBaena,DanielQuinn
LBaena,jasikedevicius
LBaena,Isaac98tm
LBaena,firejuice
LBaena,Vicioinherente
LBaena,jal90
LBaena,RachelMyGod
LBaena,FaildeGuionista
LBaena,aixa72
LBaena,Ninotchka
LBaena,Lobo_Lopez
Simonsds,fabregatto
Simonsds,DanielEscaners
Simonsds,jorgepm91
Simonsds,MartialCantarel
Simonsds,ExplodingBoy
Simonsds,FilmCanet
Simonsds,alemartin
Simonsds,Alberto87FR
Simonsds,TaeSuk
Simonsds,edgarfaber
Simonsds,MrLombreeze
Simonsds,genzai_2
Simonsds,Borinot
Simonsds,Manuki
Simonsds,gorkalonso1
Simonsds,LaCaneli
Simonsds,DavidGS90
Simonsds,elenacf
Simonsds,Lubilder
Simonsds,paloma55
Simonsds,Jorgemz
Simonsds,jal90
Simonsds,Tannhauser
Simonsds,marioquema
Simonsds,DanielQuinn
Simonsds,JoanCuadrado
Simonsds,guillehormigo
Simonsds,Carlos_
Simonsds,Maties_TP
Simonsds,Endika
ExplodingBoy,elenacf
ExplodingBoy,Simonsds
ExplodingBoy,HEYMYMAN
ExplodingBoy,ezequiel2517
ExplodingBoy,FaildeGuionista
ExplodingBoy,Lobo_Lopez
ExplodingBoy,Paula_Arantzazu
ExplodingBoy,utges
ExplodingBoy,paloma55
ExplodingBoy,DanielQuinn
ExplodingBoy,Isaac98tm
ExplodingBoy,Faure
ExplodingBoy,jal90
ExplodingBoy,Ivan_Suarez
ExplodingBoy,bustinduy
ExplodingBoy,Malala
ExplodingBoy,Batty
ExplodingBoy,jjm_24
ExplodingBoy,uryenbg
ExplodingBoy,A_Karerina
ExplodingBoy,mmgarnica
ExplodingBoy,Hectorog
ExplodingBoy,Carlos_
ExplodingBoy,Ninotchka
ExplodingBoy,jasikedevicius
ExplodingBoy,RachelMyGod
mmgarnica,HEYMYMAN
mmgarnica,genzai_2
mmgarnica,Trueno
mmgarnica,jaimeac
mmgarnica,JoanCuadrado
mmgarnica,elenacf
mmgarnica,firejuice
mmgarnica,ezequiel2517
mmgarnica,FaildeGuionista
mmgarnica,mrtoldo
mmgarnica,alemartin
mmgarnica,Malala
mmgarnica,fabregatto
mmgarnica,Jorgemz
mmgarnica,utges
mmgarnica,edgarfaber
mmgarnica,AlCorona
mmgarnica,antares_not
mmgarnica,bergmantonioni
mmgarnica,bander7
mmgarnica,davidpardi97
mmgarnica,jjm_24
mmgarnica,Batty
mmgarnica,paloma55
mmgarnica,will_llermo
mmgarnica,Dani1Medina
mmgarnica,Saba1e7e
mmgarnica,diogoserafim
mmgarnica,DiegoH2000
mmgarnica,bustinduy
mmgarnica,Vareludo
mmgarnica,fshtravis
mmgarnica,Faure
mmgarnica,jal90
mmgarnica,Maties_TP
mmgarnica,Lobo_Lopez
mmgarnica,ExplodingBoy
mmgarnica,Carlos_
mmgarnica,uryenbg
mmgarnica,A_Karerina
mmgarnica,DanielQuinn
mmgarnica,Isaac98tm
mmgarnica,guillehormigo
mmgarnica,Alberto87FR
mmgarnica,Vicioinherente
mmgarnica,DanielEscaners
mmgarnica,MarioIglesias
mmgarnica,Blackcoffee
mmgarnica,jasikedevicius
mmgarnica,LBaena
mmgarnica,RachelMyGod
mmgarnica,Ninotchka
fshtravis,Bracero
fshtravis,elenacf
fshtravis,Jorgemz
fshtravis,MarioIglesias
fshtravis,genzai_2
fshtravis,guillehormigo
fshtravis,Simonsds
fshtravis,FaildeGuionista
fshtravis,mmgarnica
fshtravis,Isaac98tm
fshtravis,DanielQuinn
fshtravis,Ivan_Suarez
fshtravis,ezequiel2517
fshtravis,A_Karerina
fshtravis,Lobo_Lopez
fshtravis,Ninotchka
fshtravis,paloma55
fshtravis,jal90
fshtravis,Saba1e7e
fshtravis,Carlos_
fshtravis,jjm_24
fshtravis,Malala
fshtravis,MabuseCaligari
fshtravis,Faure
fshtravis,Batty
uryenbg,mrtoldo
uryenbg,elenacf
uryenbg,HEYMYMAN
uryenbg,alemartin
uryenbg,MartialCantarel
uryenbg,Simonsds
uryenbg,firejuice
uryenbg,Vicioinherente
uryenbg,paloma55
uryenbg,Blackcoffee
uryenbg,marctorres
uryenbg,fshtravis
uryenbg,ezequiel2517
uryenbg,bergmantonioni
uryenbg,Hectorog
uryenbg,DanielQuinn
uryenbg,DiegoH2000
uryenbg,antares_not
uryenbg,Dani1Medina
uryenbg,Ivan_Suarez
uryenbg,Mann_Ohne_Namen
uryenbg,bustinduy
uryenbg,Batty
uryenbg,Lobo_Lopez
uryenbg,Javchas
uryenbg,FaildeGuionista
uryenbg,Ninotchka
uryenbg,RachelMyGod
uryenbg,DanielEscaners
uryenbg,utges
uryenbg,Vareludo
uryenbg,Faure
uryenbg,guillehormigo
uryenbg,Isaac98tm
uryenbg,ExplodingBoy
uryenbg,jal90
uryenbg,will_llermo
uryenbg,Alberto87FR
uryenbg,A_Karerina
uryenbg,mmgarnica
uryenbg,LBaena
uryenbg,jjm_24
uryenbg,rafaqc97
luisru,genzai_2
luisru,aixa72
luisru,paloma55
luisru,DanielQuinn
DavidGS90,TaeSuk
DavidGS90,stalker98
DavidGS90,Bernatus
DavidGS90,jjm_24
DavidGS90,Simonsds
DavidGS90,jal90
ezequiel2517,Faure
ezequiel2517,marctorres
ezequiel2517,genzai_2
ezequiel2517,Dani1Medina
ezequiel2517,jjm_24
ezequiel2517,HEYMYMAN
ezequiel2517,will_llermo
ezequiel2517,elenacf
ezequiel2517,guillehormigo
ezequiel2517,DanielQuinn
ezequiel2517,migblah
ezequiel2517,uryenbg
ezequiel2517,aixa72
ezequiel2517,Simonsds
ezequiel2517,ExplodingBoy
ezequiel2517,Lubilder
ezequiel2517,A_Karerina
ezequiel2517,Blackcoffee
ezequiel2517,diogoserafim
ezequiel2517,RachelMyGod
ezequiel2517,LBaena
ezequiel2517,Trueno
ezequiel2517,Ninotchka
ezequiel2517,JoanCuadrado
ezequiel2517,mmgarnica
ezequiel2517,paloma55
ezequiel2517,Lobo_Lopez
ezequiel2517,utges
ezequiel2517,jal90
ezequiel2517,fshtravis
ezequiel2517,Alberto87FR
ezequiel2517,Ivan_Suarez
ezequiel2517,Paula_Arantzazu
ezequiel2517,Maties_TP
fifoleCFC,jal90
fifoleCFC,MabuseCaligari
fifoleCFC,DanielQuinn
fifoleCFC,Bracero
fifoleCFC,jjm_24
fifoleCFC,Lobo_Lopez
fifoleCFC,RachelMyGod
Marcos_M_Rom,HEYMYMAN
Marcos_M_Rom,A_Karerina
Marcos_M_Rom,genzai_2
Marcos_M_Rom,jjm_24
Marcos_M_Rom,Doark13
Marcos_M_Rom,gorkalonso1
Marcos_M_Rom,JoanCuadrado
Marcos_M_Rom,paloma55
Marcos_M_Rom,jal90
Marcos_M_Rom,Juanky97
diogoserafim,jaimeac
diogoserafim,genzai_2
diogoserafim,DiegoH2000
diogoserafim,paloma55
diogoserafim,Malala
diogoserafim,Saba1e7e
diogoserafim,Vicioinherente
diogoserafim,alemartin
diogoserafim,ezequiel2517
diogoserafim,A_Karerina
diogoserafim,jal90
diogoserafim,Carlos_
diogoserafim,marctorres
diogoserafim,Lobo_Lopez
diogoserafim,uryenbg
diogoserafim,mmgarnica
diogoserafim,ExplodingBoy
diogoserafim,Ninotchka
gorkalonso1,Didacus
gorkalonso1,Ninotchka
gorkalonso1,jaimeac
gorkalonso1,Faure
gorkalonso1,elenacf
gorkalonso1,utges
gorkalonso1,Mann_Ohne_Namen
gorkalonso1,luisru
gorkalonso1,Juanky97
gorkalonso1,Borinot
gorkalonso1,DavidGS90
gorkalonso1,Marcos_M_Rom
gorkalonso1,HEYMYMAN
gorkalonso1,MabuseCaligari
gorkalonso1,Ivan_Suarez
gorkalonso1,genzai_2
gorkalonso1,jal90
gorkalonso1,Jorgemz
gorkalonso1,Bernatus
gorkalonso1,jjm_24
gorkalonso1,Manuki
gorkalonso1,Simonsds
gorkalonso1,paloma55
gorkalonso1,TaeSuk
gorkalonso1,JoanCuadrado
gorkalonso1,Tannhauser
gorkalonso1,Doark13
Vareludo,Marcos_M_Rom
Vareludo,Borinot
Vareludo,paloma55
Vareludo,HEYMYMAN
Vareludo,Batty
Vareludo,Vicioinherente
Vareludo,Mann_Ohne_Namen
Vareludo,fshtravis
Vareludo,ezequiel2517
Vareludo,Ninotchka
Vareludo,utges
Vareludo,Isaac98tm
Vareludo,jal90
Vareludo,Ivan_Suarez
Vareludo,mmgarnica
Vareludo,Faure
Vareludo,uryenbg
Vareludo,jjm_24
Vareludo,guillehormigo
Vareludo,Maties_TP
Vareludo,will_llermo
mrtoldo,uryenbg
mrtoldo,paloma55
mrtoldo,Faure
mrtoldo,mmgarnica
mrtoldo,guillehormigo
mrtoldo,fabregatto
mrtoldo,Batty
mrtoldo,Paula_Arantzazu
mrtoldo,jal90
mrtoldo,bergmantonioni
mrtoldo,Vicioinherente
mrtoldo,ezequiel2517
mrtoldo,davidpardi97
mrtoldo,AlCorona
mrtoldo,Ninotchka
mrtoldo,DanielQuinn
mrtoldo,migblah
mrtoldo,RachelMyGod
mrtoldo,Endika
rafaqc97,Simonsds
rafaqc97,ezequiel2517
rafaqc97,paloma55
rafaqc97,fabregatto
rafaqc97,utges
rafaqc97,Dani1Medina
rafaqc97,fshtravis
rafaqc97,jal90
rafaqc97,FaildeGuionista
rafaqc97,Ivan_Suarez
rafaqc97,antares_not
rafaqc97,will_llermo
rafaqc97,Batty
rafaqc97,DiegoH2000
rafaqc97,Isaac98tm
rafaqc97,Faure
rafaqc97,uryenbg
rafaqc97,Alberto87FR
rafaqc97,Mann_Ohne_Namen
rafaqc97,DanielEscaners
rafaqc97,AlbertoMilano
rafaqc97,jjm_24
FaildeGuionista,elenacf
FaildeGuionista,mmgarnica
FaildeGuionista,paloma55
FaildeGuionista,utges
FaildeGuionista,Ivan_Suarez
FaildeGuionista,fshtravis
FaildeGuionista,rafaqc97
FaildeGuionista,Sirah_Wiedemann
FaildeGuionista,ExplodingBoy
FaildeGuionista,Saba1e7e
FaildeGuionista,uryenbg
FaildeGuionista,Faure
FaildeGuionista,Maties_TP
FaildeGuionista,Alberto87FR
FaildeGuionista,Batty
FaildeGuionista,antares_not
FaildeGuionista,Ninotchka
FaildeGuionista,fleming22
FaildeGuionista,Isaac98tm
FaildeGuionista,DanielQuinn
FaildeGuionista,RachelMyGod
FaildeGuionista,Lobo_Lopez
FaildeGuionista,aixa72
FaildeGuionista,LBaena
FaildeGuionista,jal90
utges,gorkalonso1
utges,elenacf
utges,guillehormigo
utges,genzai_2
utges,Simonsds
utges,Saba1e7e
utges,Tannhauser
utges,Malala
utges,will_llermo
utges,firejuice
utges,Ninotchka
utges,Doark13
utges,FaildeGuionista
utges,bustinduy
utges,Lobo_Lopez
utges,MarioIglesias
utges,Vicioinherente
utges,ezequiel2517
utges,Didacus
utges,rafaqc97
utges,DanielEscaners
utges,DanielQuinn
utges,ExplodingBoy
utges,paloma55
utges,mmgarnica
utges,Vareludo
utges,jal90
utges,Ivan_Suarez
utges,Batty
utges,Javchas
utges,A_Karerina
utges,Mann_Ohne_Namen
utges,Faure
utges,uryenbg
utges,jjm_24
utges,Isaac98tm
AnaAvellaneda,Tannhauser
AnaAvellaneda,paloma55
AnaAvellaneda,JoanCuadrado
alemartin,Simonsds
alemartin,paloma55
alemartin,TaeSuk
migblah,fifoleCFC
migblah,Marcos_M_Rom
migblah,elenacf
migblah,genzai_2
migblah,HEYMYMAN
migblah,paloma55
migblah,MartialCantarel
migblah,Malala
migblah,Jorgemz
migblah,AlCorona
migblah,fabregatto
migblah,diogoserafim
migblah,Juanky97
migblah,Saba1e7e
migblah,jjm_24
migblah,fshtravis
migblah,MabuseCaligari
migblah,bergmantonioni
migblah,marctorres
migblah,DanielEscaners
migblah,marioquema
migblah,bustinduy
migblah,Trueno
migblah,Xator_Nova
migblah,ezequiel2517
migblah,Simonsds
migblah,davidpardi97
migblah,A_Karerina
migblah,Carlos_
migblah,DiegoH2000
migblah,Vareludo
migblah,Ivan_Suarez
migblah,guillehormigo
migblah,rafaqc97
migblah,Alberto87FR
migblah,A_de_la_Hoz
migblah,uryenbg
migblah,Batty
migblah,mmgarnica
migblah,utges
migblah,Javchas
migblah,Ninotchka
migblah,DanielQuinn
migblah,LBaena
migblah,aixa72
migblah,jal90
migblah,Isaac98tm
migblah,mrtoldo
migblah,Blackcoffee
migblah,will_llermo
migblah,Vicioinherente
migblah,RachelMyGod
migblah,firejuice
migblah,Lobo_Lopez
A_Karerina,will_llermo
A_Karerina,AlCorona
A_Karerina,genzai_2
A_Karerina,Marcos_M_Rom
A_Karerina,luisru
A_Karerina,jjm_24
A_Karerina,HEYMYMAN
A_Karerina,DiegoH2000
A_Karerina,alemartin
A_Karerina,MartialCantarel
A_Karerina,firejuice
A_Karerina,LBaena
A_Karerina,marctorres
A_Karerina,migblah
A_Karerina,RachelMyGod
A_Karerina,diogoserafim
A_Karerina,Lobo_Lopez
A_Karerina,HugoRomero
A_Karerina,rafaqc97
A_Karerina,Dani1Medina
A_Karerina,paloma55
A_Karerina,bustinduy
A_Karerina,ezequiel2517
A_Karerina,fshtravis
A_Karerina,jal90
A_Karerina,Mann_Ohne_Namen
A_Karerina,Ivan_Suarez
A_Karerina,Vicioinherente
A_Karerina,DanielQuinn
A_Karerina,Simonsds
A_Karerina,Javchas
A_Karerina,Ninotchka
A_Karerina,Faure
A_Karerina,utges
A_Karerina,guillehormigo
A_Karerina,DanielEscaners
A_Karerina,Carlos_
A_Karerina,uryenbg
A_Karerina,Maties_TP
A_Karerina,ExplodingBoy
A_Karerina,mmgarnica
A_Karerina,Hectorog
RachelMyGod,luisru
RachelMyGod,Sirah_Wiedemann
RachelMyGod,fifoleCFC
RachelMyGod,alemartin
RachelMyGod,genzai_2
RachelMyGod,elenacf
RachelMyGod,Alvaro_souvlaki
RachelMyGod,MartialCantarel
RachelMyGod,Simonsds
RachelMyGod,fabregatto
RachelMyGod,ezequiel2517
RachelMyGod,Vareludo
RachelMyGod,Xator_Nova
RachelMyGod,MarioIglesias
RachelMyGod,MabuseCaligari
RachelMyGod,paloma55
RachelMyGod,bergmantonioni
RachelMyGod,Malala
RachelMyGod,stalker98
RachelMyGod,Batty
RachelMyGod,Faure
RachelMyGod,A_Karerina
RachelMyGod,uryenbg
RachelMyGod,Javchas
RachelMyGod,Carlos_
RachelMyGod,Alberto87FR
RachelMyGod,Ivan_Suarez
RachelMyGod,A_de_la_Hoz
RachelMyGod,Mann_Ohne_Namen
RachelMyGod,Blackcoffee
RachelMyGod,ExplodingBoy
RachelMyGod,will_llermo
RachelMyGod,utges
RachelMyGod,FaildeGuionista
RachelMyGod,DanielQuinn
RachelMyGod,Isaac98tm
RachelMyGod,LBaena
RachelMyGod,mmgarnica
RachelMyGod,jal90
RachelMyGod,migblah
RachelMyGod,Ninotchka
RachelMyGod,mrtoldo
RachelMyGod,Vicioinherente
RachelMyGod,Lobo_Lopez
RachelMyGod,fleming22
RachelMyGod,jasikedevicius
RachelMyGod,aixa72
Ivan_Suarez,Sirah_Wiedemann
Ivan_Suarez,Alvaro_souvlaki
Ivan_Suarez,marioquema
Ivan_Suarez,migblah
Ivan_Suarez,Trueno
Ivan_Suarez,bander7
Ivan_Suarez,elenacf
Ivan_Suarez,fabregatto
Ivan_Suarez,DanielQuinn
Ivan_Suarez,fshtravis
Ivan_Suarez,utges
Ivan_Suarez,Saba1e7e
Ivan_Suarez,FaildeGuionista
Ivan_Suarez,bustinduy
Ivan_Suarez,Isaac98tm
Ivan_Suarez,Paula_Arantzazu
Ivan_Suarez,Ninotchka
Ivan_Suarez,ezequiel2517
Ivan_Suarez,paloma55
Ivan_Suarez,Carlos_
Ivan_Suarez,Dani1Medina
Ivan_Suarez,Hectorog
Ivan_Suarez,RachelMyGod
Ivan_Suarez,jal90
Ivan_Suarez,bergmantonioni
Ivan_Suarez,jjm_24
Ivan_Suarez,Lobo_Lopez
Ivan_Suarez,Alberto87FR
Ivan_Suarez,Mann_Ohne_Namen
Ivan_Suarez,Batty
Ivan_Suarez,A_Karerina
Ivan_Suarez,ExplodingBoy
Ivan_Suarez,Malala
Ivan_Suarez,DanielEscaners
bennu,jjm_24
bennu,genzai_2
bennu,utges
bennu,paloma55
Trueno,paloma55
Trueno,ezequiel2517
Trueno,Xator_Nova
Trueno,Faure
Trueno,DanielEscaners
Trueno,Batty
Trueno,Ivan_Suarez
Bracero,JoanCuadrado
Bracero,Marcos_M_Rom
Bracero,gorkalonso1
Bracero,jal90
Bracero,fifoleCFC
Bracero,genzai_2
Bracero,luisru
Bracero,jjm_24
Bracero,Borinot
Bracero,A_de_la_Hoz
Bracero,fabregatto
Bracero,stalker98
Bracero,Ninotchka
bander7,paloma55
bander7,Simonsds
bander7,Ivan_Suarez
bander7,Mann_Ohne_Namen
bander7,jal90
bander7,Maties_TP
stalker98,DavidGS90
stalker98,Bracero
stalker98,alemartin
stalker98,marioquema
stalker98,Borinot
Hectorog,paloma55
Hectorog,bustinduy
Hectorog,AlCorona
Hectorog,MarioIglesias
Hectorog,jal90
Hectorog,Ivan_Suarez
Hectorog,ExplodingBoy
Hectorog,A_Karerina
bergmantonioni,jaimeac
bergmantonioni,ExplodingBoy
bergmantonioni,Simonsds
bergmantonioni,Isaac98tm
bergmantonioni,marioquema
bergmantonioni,paloma55
bergmantonioni,Ninotchka
bergmantonioni,jjm_24
bergmantonioni,Faure
bergmantonioni,ezequiel2517
bergmantonioni,aixa72
bergmantonioni,A_Karerina
bergmantonioni,fshtravis
bergmantonioni,Batty
bergmantonioni,jal90
bergmantonioni,mmgarnica
bergmantonioni,RachelMyGod
bergmantonioni,MarioIglesias
bergmantonioni,Ivan_Suarez
bergmantonioni,DanielQuinn
Maties_TP,JoanCuadrado
Maties_TP,Xator_Nova
Maties_TP,Alvaro_souvlaki
Maties_TP,MartialCantarel
Maties_TP,bustinduy
Maties_TP,TaeSuk
Maties_TP,Bernatus
Maties_TP,manuelsanbai
Maties_TP,gorkalonso1
Maties_TP,edgarfaber
Maties_TP,Carlos_
Maties_TP,Borinot
Maties_TP,Lobo_Lopez
Maties_TP,ezequiel2517
Maties_TP,HugoRomero
Maties_TP,AlCorona
Maties_TP,Malala
Maties_TP,MabuseCaligari
Maties_TP,mmgarnica
Maties_TP,Simonsds
Maties_TP,Vareludo
Maties_TP,bander7
Maties_TP,aixa72
Maties_TP,FaildeGuionista
Maties_TP,jal90
Maties_TP,firejuice
Maties_TP,paloma55
Maties_TP,Batty
davidpardi97,genzai_2
davidpardi97,bustinduy
davidpardi97,jjm_24
davidpardi97,Simonsds
davidpardi97,DanielQuinn
davidpardi97,jal90
davidpardi97,guillehormigo
davidpardi97,will_llermo
davidpardi97,Vicioinherente
davidpardi97,AlCorona
davidpardi97,mrtoldo
davidpardi97,DanielEscaners
Endika,Paula_Arantzazu
Endika,Vicioinherente
Endika,will_llermo
Endika,LaCaneli
Endika,jorgepm91
Endika,guillehormigo
Endika,bander7
Endika,fabregatto
Endika,AlCorona
Endika,jal90
Endika,ezequiel2517
Endika,bergmantonioni
Endika,Simonsds
Endika,DanielQuinn
Endika,mrtoldo
DanielQuinn,fifoleCFC
DanielQuinn,luisru
DanielQuinn,HEYMYMAN
DanielQuinn,bander7
DanielQuinn,Juanky97
DanielQuinn,Vareludo
DanielQuinn,gorkalonso1
DanielQuinn,jaimeac
DanielQuinn,MartialCantarel
DanielQuinn,elenacf
DanielQuinn,genzai_2
DanielQuinn,Bernatus
DanielQuinn,HugoRomero
DanielQuinn,JoanCuadrado
DanielQuinn,Borinot
DanielQuinn,Trueno
DanielQuinn,alemartin
DanielQuinn,DavidGS90
DanielQuinn,davidpardi97
DanielQuinn,antares_not
DanielQuinn,Jorgemz
DanielQuinn,fabregatto
DanielQuinn,bustinduy
DanielQuinn,Saba1e7e
DanielQuinn,Simonsds
DanielQuinn,firejuice
DanielQuinn,paloma55
DanielQuinn,bergmantonioni
DanielQuinn,jorgepm91
DanielQuinn,AlCorona
DanielQuinn,fshtravis
DanielQuinn,marctorres
DanielQuinn,ezequiel2517
DanielQuinn,Mann_Ohne_Namen
DanielQuinn,Javchas
DanielQuinn,MabuseCaligari
DanielQuinn,Malala
DanielQuinn,will_llermo
DanielQuinn,Alberto87FR
DanielQuinn,jjm_24
DanielQuinn,A_Karerina
DanielQuinn,Faure
DanielQuinn,Batty
DanielQuinn,guillehormigo
DanielQuinn,Ivan_Suarez
DanielQuinn,A_de_la_Hoz
DanielQuinn,uryenbg
DanielQuinn,Ninotchka
DanielQuinn,utges
DanielQuinn,mmgarnica
DanielQuinn,ExplodingBoy
DanielQuinn,LBaena
DanielQuinn,RachelMyGod
DanielQuinn,jal90
DanielQuinn,Isaac98tm
DanielQuinn,FaildeGuionista
DanielQuinn,MarioIglesias
DanielQuinn,Endika
DanielQuinn,Lobo_Lopez
DanielQuinn,migblah
DanielQuinn,mrtoldo
DanielQuinn,aixa72
DanielQuinn,DanielEscaners
DanielQuinn,Vicioinherente
DanielQuinn,jasikedevicius
A_de_la_Hoz,luisru
A_de_la_Hoz,Bracero
A_de_la_Hoz,Simonsds
A_de_la_Hoz,fabregatto
A_de_la_Hoz,ezequiel2517
A_de_la_Hoz,jal90
A_de_la_Hoz,bergmantonioni
A_de_la_Hoz,RachelMyGod
A_de_la_Hoz,fshtravis
A_de_la_Hoz,Lobo_Lopez
A_de_la_Hoz,stalker98
A_de_la_Hoz,Malala
A_de_la_Hoz,DanielQuinn
A_de_la_Hoz,LBaena
A_de_la_Hoz,firejuice
Faure,Simonsds
Faure,jaimeac
Faure,gorkalonso1
Faure,DavidGS90
Faure,Marcos_M_Rom
Faure,Juanky97
Faure,HEYMYMAN
Faure,mrtoldo
Faure,edgarfaber
Faure,MartialCantarel
Faure,marioquema
Faure,genzai_2
Faure,elenacf
Faure,bander7
Faure,fabregatto
Faure,Jorgemz
Faure,bergmantonioni
Faure,paloma55
Faure,ezequiel2517
Faure,bustinduy
Faure,marctorres
Faure,Malala
Faure,ExplodingBoy
Faure,LBaena
Faure,Saba1e7e
Faure,Vareludo
Faure,fshtravis
Faure,A_Karerina
Faure,davidpardi97
Faure,Ivan_Suarez
Faure,Trueno
Faure,Alberto87FR
Faure,DiegoH2000
Faure,rafaqc97
Faure,guillehormigo
Faure,uryenbg
Faure,parhelic
Faure,Hectorog
Faure,mmgarnica
Faure,utges
Faure,antares_not
Faure,jjm_24
Faure,DanielQuinn
Faure,FaildeGuionista
Faure,jal90
Faure,Blackcoffee
Faure,Ninotchka
Faure,Javchas
Faure,fleming22
Faure,Dani1Medina
Faure,RachelMyGod
Faure,firejuice
Faure,Mann_Ohne_Namen
Faure,Batty
Faure,aixa72
Faure,Isaac98tm
Faure,DanielEscaners
Faure,will_llermo
Faure,jorgepm91
Paula_Arantzazu,Endika
Paula_Arantzazu,Tannhauser
Paula_Arantzazu,Marcos_M_Rom
Paula_Arantzazu,Juanky97
Paula_Arantzazu,fabregatto
Paula_Arantzazu,fshtravis
Paula_Arantzazu,ExplodingBoy
Paula_Arantzazu,jal90
Paula_Arantzazu,Ivan_Suarez
Paula_Arantzazu,mrtoldo
Paula_Arantzazu,ezequiel2517
Malala,Tannhauser
Malala,elenacf
Malala,JoanCuadrado
Malala,LBaena
Malala,Simonsds
Malala,Didacus
Malala,mmgarnica
Malala,ezequiel2517
Malala,fshtravis
Malala,RachelMyGod
Malala,Batty
Malala,Blackcoffee
Malala,Ivan_Suarez
Malala,bustinduy
Malala,Lubilder
Malala,Lobo_Lopez
Malala,paloma55
Malala,ExplodingBoy
Malala,MabuseCaligari
Malala,Carlos_
Malala,Maties_TP
Malala,jal90
Ninotchka,gorkalonso1
Ninotchka,Sirah_Wiedemann
Ninotchka,DavidGS90
Ninotchka,Bracero
Ninotchka,alemartin
Ninotchka,jaimeac
Ninotchka,JDCASERO
Ninotchka,MartialCantarel
Ninotchka,HugoRomero
Ninotchka,genzai_2
Ninotchka,Simonsds
Ninotchka,elenacf
Ninotchka,utges
Ninotchka,Jorgemz
Ninotchka,guillehormigo
Ninotchka,Didacus
Ninotchka,ezequiel2517
Ninotchka,bergmantonioni
Ninotchka,paloma55
Ninotchka,fshtravis
Ninotchka,Vareludo
Ninotchka,Ivan_Suarez
Ninotchka,Malala
Ninotchka,jjm_24
Ninotchka,Lobo_Lopez
Ninotchka,Mann_Ohne_Namen
Ninotchka,Batty
Ninotchka,bustinduy
Ninotchka,Faure
Ninotchka,A_Karerina
Ninotchka,MarioIglesias
Ninotchka,uryenbg
Ninotchka,will_llermo
Ninotchka,DiegoH2000
Ninotchka,Carlos_
Ninotchka,A_de_la_Hoz
Ninotchka,DanielQuinn
Ninotchka,antares_not
Ninotchka,aixa72
Ninotchka,FaildeGuionista
Ninotchka,ExplodingBoy
Ninotchka,jasikedevicius
Ninotchka,mmgarnica
Ninotchka,LBaena
Ninotchka,jal90
Ninotchka,fleming22
Ninotchka,RachelMyGod
Ninotchka,Vicioinherente
Ninotchka,jorgepm91
Ninotchka,Isaac98tm
Ninotchka,Javchas
Ninotchka,firejuice
DanielEscaners,Simonsds
DanielEscaners,paloma55
DanielEscaners,davidpardi97
DanielEscaners,utges
DanielEscaners,antares_not
DanielEscaners,JoanCuadrado
DanielEscaners,Batty
DanielEscaners,bustinduy
DanielEscaners,fshtravis
DanielEscaners,uryenbg
DanielEscaners,AlCorona
DanielEscaners,Faure
DanielEscaners,A_Karerina
DanielEscaners,Ivan_Suarez
DanielEscaners,Trueno
DanielEscaners,jorgepm91
DanielEscaners,Alberto87FR
DanielEscaners,guillehormigo
DanielEscaners,rafaqc97
DanielEscaners,mmgarnica
DanielEscaners,jjm_24
DanielEscaners,firejuice
DanielEscaners,Javchas
DanielEscaners,jal90
DanielEscaners,DanielQuinn
DanielEscaners,Dani1Medina
DanielEscaners,Mann_Ohne_Namen
DanielEscaners,fleming22
DanielEscaners,will_llermo
DanielEscaners,Isaac98tm
DanielEscaners,Vicioinherente
DanielEscaners,Saba1e7e
Saba1e7e,Simonsds
Saba1e7e,jal90
Saba1e7e,utges
Saba1e7e,Ivan_Suarez
Saba1e7e,edgarfaber
Saba1e7e,Isaac98tm
Saba1e7e,paloma55
Saba1e7e,Mann_Ohne_Namen
Saba1e7e,DanielQuinn
Saba1e7e,fshtravis
Saba1e7e,bustinduy
Saba1e7e,jjm_24
Saba1e7e,Sirah_Wiedemann
Saba1e7e,Dani1Medina
Saba1e7e,FaildeGuionista
Saba1e7e,mmgarnica
Saba1e7e,DanielEscaners
Vicioinherente,Simonsds
Vicioinherente,Endika
Vicioinherente,genzai_2
Vicioinherente,HEYMYMAN
Vicioinherente,uryenbg
Vicioinherente,Carlos_
Vicioinherente,A_Karerina
Vicioinherente,jjm_24
Vicioinherente,fabregatto
Vicioinherente,paloma55
Vicioinherente,ezequiel2517
Vicioinherente,bergmantonioni
Vicioinherente,bustinduy
Vicioinherente,DiegoH2000
Vicioinherente,davidpardi97
Vicioinherente,marioquema
Vicioinherente,Ivan_Suarez
Vicioinherente,Vareludo
Vicioinherente,utges
Vicioinherente,guillehormigo
Vicioinherente,mmgarnica
Vicioinherente,rafaqc97
Vicioinherente,Batty
Vicioinherente,LBaena
Vicioinherente,MarioIglesias
Vicioinherente,Dani1Medina
Vicioinherente,DanielQuinn
Vicioinherente,Lobo_Lopez
Vicioinherente,jal90
Vicioinherente,RachelMyGod
Vicioinherente,Ninotchka
Vicioinherente,fleming22
Vicioinherente,jorgepm91
Vicioinherente,firejuice
Vicioinherente,Isaac98tm
Vicioinherente,Mann_Ohne_Namen
Vicioinherente,will_llermo
Vicioinherente,DanielEscaners
jjm_24,HugoRomero
jjm_24,fifoleCFC
jjm_24,HEYMYMAN
jjm_24,A_Karerina
jjm_24,Doark13
jjm_24,DavidGS90
jjm_24,Alberto87FR
jjm_24,luisru
jjm_24,Bracero
jjm_24,bustinduy
jjm_24,Marcos_M_Rom
jjm_24,alemartin
jjm_24,LBaena
jjm_24,Juanky97
jjm_24,jaimeac
jjm_24,gorkalonso1
jjm_24,davidpardi97
jjm_24,aixa72
jjm_24,genzai_2
jjm_24,TaeSuk
jjm_24,DiegoH2000
jjm_24,Simonsds
jjm_24,firejuice
jjm_24,jorgepm91
jjm_24,MartialCantarel
jjm_24,guillehormigo
jjm_24,Jorgemz
jjm_24,elenacf
jjm_24,Tannhauser
jjm_24,Vicioinherente
jjm_24,Javchas
jjm_24,Malala
jjm_24,bander7
jjm_24,Borinot
jjm_24,bergmantonioni
jjm_24,FaildeGuionista
jjm_24,MarioIglesias
jjm_24,will_llermo
jjm_24,paloma55
jjm_24,Carlos_
jjm_24,Isaac98tm
jjm_24,ezequiel2517
jjm_24,fshtravis
jjm_24,DanielQuinn
jjm_24,Ninotchka
jjm_24,mmgarnica
jjm_24,Ivan_Suarez
jjm_24,jal90
jjm_24,MabuseCaligari
jjm_24,Dani1Medina
jjm_24,Saba1e7e
jjm_24,Vareludo
jjm_24,Faure
jjm_24,ExplodingBoy
jjm_24,Batty
jjm_24,uryenbg
jjm_24,utges
jjm_24,antares_not
jjm_24,DanielEscaners
jjm_24,AlbertoMilano
jjm_24,rafaqc97
jjm_24,Mann_Ohne_Namen
Blackcoffee,Simonsds
Blackcoffee,ExplodingBoy
Blackcoffee,genzai_2
Blackcoffee,HEYMYMAN
Blackcoffee,bustinduy
Blackcoffee,ezequiel2517
Blackcoffee,Vicioinherente
Blackcoffee,Hectorog
Blackcoffee,jal90
Blackcoffee,Malala
Blackcoffee,uryenbg
Blackcoffee,Ivan_Suarez
Blackcoffee,rafaqc97
Blackcoffee,Faure
Blackcoffee,Batty
Blackcoffee,mmgarnica
Blackcoffee,Isaac98tm
Blackcoffee,Lobo_Lopez
Blackcoffee,Ninotchka
Blackcoffee,firejuice
HEYMYMAN,Simonsds
HEYMYMAN,jal90
HEYMYMAN,Marcos_M_Rom
HEYMYMAN,ezequiel2517
HEYMYMAN,gorkalonso1
HEYMYMAN,Alberto87FR
HEYMYMAN,Juanky97
HEYMYMAN,Mann_Ohne_Namen
HEYMYMAN,jjm_24
HEYMYMAN,ExplodingBoy
HEYMYMAN,Lubilder
HEYMYMAN,paloma55
HEYMYMAN,TaeSuk
Mann_Ohne_Namen,gorkalonso1
Mann_Ohne_Namen,HEYMYMAN
Mann_Ohne_Namen,MartialCantarel
Mann_Ohne_Namen,Simonsds
Mann_Ohne_Namen,Vareludo
Mann_Ohne_Namen,Javchas
Mann_Ohne_Namen,paloma55
Mann_Ohne_Namen,Batty
Mann_Ohne_Namen,Saba1e7e
Mann_Ohne_Namen,marioquema
Mann_Ohne_Namen,bander7
Mann_Ohne_Namen,A_Karerina
Mann_Ohne_Namen,bustinduy
Mann_Ohne_Namen,DanielQuinn
Mann_Ohne_Namen,Ninotchka
Mann_Ohne_Namen,Ivan_Suarez
Mann_Ohne_Namen,utges
Mann_Ohne_Namen,uryenbg
Mann_Ohne_Namen,Faure
Mann_Ohne_Namen,antares_not
Mann_Ohne_Namen,guillehormigo
Mann_Ohne_Namen,jal90
Mann_Ohne_Namen,rafaqc97
Mann_Ohne_Namen,DiegoH2000
Mann_Ohne_Namen,jjm_24
Mann_Ohne_Namen,DanielEscaners
Mann_Ohne_Namen,jorgepm91
Mann_Ohne_Namen,fleming22
Mann_Ohne_Namen,will_llermo
Mann_Ohne_Namen,firejuice
Mann_Ohne_Namen,Vicioinherente
Mann_Ohne_Namen,Isaac98tm
fabregatto,Simonsds
fabregatto,Ivan_Suarez
fabregatto,Paula_Arantzazu
fabregatto,MarioIglesias
fabregatto,RachelMyGod
Batty,HugoRomero
Batty,DavidGS90
Batty,Doark13
Batty,Borinot
Batty,will_llermo
Batty,HEYMYMAN
Batty,Juanky97
Batty,jaimeac
Batty,JDCASERO
Batty,elenacf
Batty,MartialCantarel
Batty,Vareludo
Batty,genzai_2
Batty,Simonsds
Batty,RachelMyGod
Batty,Jorgemz
Batty,parhelic
Batty,Mann_Ohne_Namen
Batty,mrtoldo
Batty,Carlos_
Batty,Isaac98tm
Batty,DanielQuinn
Batty,ezequiel2517
Batty,bergmantonioni
Batty,Malala
Batty,bustinduy
Batty,Lobo_Lopez
Batty,Ninotchka
Batty,DanielEscaners
Batty,Dani1Medina
Batty,mmgarnica
Batty,utges
Batty,Vicioinherente
Batty,Javchas
Batty,uryenbg
Batty,ExplodingBoy
Batty,rafaqc97
Batty,fshtravis
Batty,Faure
Batty,A_Karerina
Batty,jjm_24
Batty,Maties_TP
Batty,Ivan_Suarez
Batty,Trueno
Batty,firejuice
Batty,Alberto87FR
Batty,FaildeGuionista
Batty,jorgepm91
Batty,paloma55
Batty,antares_not
Batty,aixa72
Batty,jal90
AlbertoMilano,Simonsds
AlbertoMilano,paloma55
AlbertoMilano,jal90
AlbertoMilano,utges
AlbertoMilano,rafaqc97
AlbertoMilano,jjm_24
firejuice,Simonsds
firejuice,genzai_2
firejuice,DiegoH2000
firejuice,guillehormigo
firejuice,ezequiel2517
firejuice,fshtravis
firejuice,Faure
firejuice,Maties_TP
firejuice,Ivan_Suarez
firejuice,Batty
firejuice,jorgepm91
firejuice,A_de_la_Hoz
firejuice,DanielEscaners
firejuice,LBaena
firejuice,Blackcoffee
firejuice,jal90
firejuice,Ninotchka
firejuice,Lobo_Lopez
firejuice,fleming22
firejuice,Isaac98tm
firejuice,Vicioinherente
firejuice,aixa72
firejuice,Mann_Ohne_Namen
Alberto87FR,jjm_24
Alberto87FR,HEYMYMAN
Alberto87FR,Simonsds
Alberto87FR,paloma55
Alberto87FR,ezequiel2517
Alberto87FR,jal90
Alberto87FR,Ivan_Suarez
Alberto87FR,DanielQuinn
Alberto87FR,Faure
Alberto87FR,uryenbg
Alberto87FR,Isaac98tm
Alberto87FR,rafaqc97
Alberto87FR,Batty
Alberto87FR,DanielEscaners
Alberto87FR,LBaena
Alberto87FR,Lobo_Lopez
Alberto87FR,mmgarnica
Alberto87FR,parhelic
Alberto87FR,RachelMyGod
Alberto87FR,FaildeGuionista
bustinduy,Simonsds
bustinduy,jjm_24
bustinduy,davidpardi97
bustinduy,alemartin
bustinduy,Hectorog
bustinduy,maximo_
bustinduy,Isaac98tm
bustinduy,utges
bustinduy,Lobo_Lopez
bustinduy,FaildeGuionista
bustinduy,AlCorona
bustinduy,paloma55
bustinduy,Faure
bustinduy,HugoRomero
bustinduy,A_Karerina
bustinduy,Mann_Ohne_Namen
bustinduy,jal90
bustinduy,Ivan_Suarez
bustinduy,Vicioinherente
bustinduy,Batty
bustinduy,will_llermo
bustinduy,MarioIglesias
bustinduy,guillehormigo
bustinduy,Saba1e7e
bustinduy,DanielEscaners
bustinduy,ExplodingBoy
bustinduy,Malala
bustinduy,mmgarnica
antares_not,Dani1Medina
antares_not,Simonsds
antares_not,Ivan_Suarez
antares_not,mmgarnica
antares_not,DanielEscaners
antares_not,Javchas
antares_not,uryenbg
antares_not,rafaqc97
antares_not,Faure
antares_not,firejuice
antares_not,Mann_Ohne_Namen
antares_not,jjm_24
antares_not,DiegoH2000
antares_not,mrtoldo
antares_not,Batty
antares_not,parhelic
antares_not,jal90
antares_not,FaildeGuionista
antares_not,Isaac98tm
antares_not,Ninotchka
guillehormigo,HEYMYMAN
guillehormigo,genzai_2
guillehormigo,utges
guillehormigo,JoanCuadrado
guillehormigo,Endika
guillehormigo,will_llermo
guillehormigo,Jorgemz
guillehormigo,Batty
guillehormigo,mrtoldo
guillehormigo,jjm_24
guillehormigo,Ninotchka
guillehormigo,firejuice
guillehormigo,fabregatto
guillehormigo,davidpardi97
guillehormigo,ezequiel2517
guillehormigo,fshtravis
guillehormigo,paloma55
guillehormigo,bergmantonioni
guillehormigo,edgarfaber
guillehormigo,marioquema
guillehormigo,bustinduy
guillehormigo,Simonsds
guillehormigo,jal90
guillehormigo,AlCorona
guillehormigo,Vareludo
guillehormigo,Faure
guillehormigo,uryenbg
guillehormigo,A_Karerina
guillehormigo,Ivan_Suarez
guillehormigo,DanielQuinn
guillehormigo,Mann_Ohne_Namen
guillehormigo,LBaena
guillehormigo,Isaac98tm
guillehormigo,mmgarnica
guillehormigo,DanielEscaners
guillehormigo,Vicioinherente
guillehormigo,MarioIglesias
Javchas,Jorgemz
Javchas,Simonsds
Javchas,Mann_Ohne_Namen
Javchas,jjm_24
Javchas,ezequiel2517
Javchas,DanielQuinn
Javchas,antares_not
Javchas,DiegoH2000
Javchas,will_llermo
Javchas,A_Karerina
Javchas,utges
Javchas,uryenbg
Javchas,Faure
Javchas,RachelMyGod
Javchas,Isaac98tm
Javchas,Batty
Javchas,Carlos_
Javchas,paloma55
Javchas,DanielEscaners
Javchas,jal90
Javchas,Dani1Medina
Javchas,Ninotchka
genzai_2,luisru
genzai_2,bennu
genzai_2,utges
genzai_2,Mann_Ohne_Namen
genzai_2,Isaac98tm
genzai_2,Bracero
genzai_2,Vicioinherente
genzai_2,will_llermo
genzai_2,Dani1Medina
genzai_2,Batty
genzai_2,DanielQuinn
genzai_2,guillehormigo
genzai_2,DavidGS90
genzai_2,Marcos_M_Rom
genzai_2,Borinot
genzai_2,Ninotchka
genzai_2,DanielEscaners
genzai_2,mmgarnica
genzai_2,gorkalonso1
genzai_2,Doark13
genzai_2,Bernatus
genzai_2,jal90
genzai_2,fshtravis
genzai_2,jjm_24
genzai_2,Simonsds
genzai_2,paloma55
genzai_2,TaeSuk
genzai_2,Manuki
genzai_2,HEYMYMAN
genzai_2,Juanky97
Isaac98tm,Simonsds
Isaac98tm,MartialCantarel
Isaac98tm,elenacf
Isaac98tm,bustinduy
Isaac98tm,Saba1e7e
Isaac98tm,Ivan_Suarez
Isaac98tm,Batty
Isaac98tm,fshtravis
Isaac98tm,ezequiel2517
Isaac98tm,jjm_24
Isaac98tm,ExplodingBoy
Isaac98tm,paloma55
Isaac98tm,Vareludo
Isaac98tm,marctorres
Isaac98tm,Dani1Medina
Isaac98tm,Faure
Isaac98tm,uryenbg
Isaac98tm,Alberto87FR
Isaac98tm,mmgarnica
Isaac98tm,guillehormigo
Isaac98tm,rafaqc97
Isaac98tm,utges
Isaac98tm,antares_not
Isaac98tm,Blackcoffee
Isaac98tm,LBaena
Isaac98tm,DanielQuinn
Isaac98tm,MarioIglesias
Isaac98tm,aixa72
Isaac98tm,RachelMyGod
Isaac98tm,FaildeGuionista
Isaac98tm,Javchas
Isaac98tm,Lobo_Lopez
Isaac98tm,jal90
Isaac98tm,Ninotchka
Isaac98tm,firejuice
Isaac98tm,Vicioinherente
Isaac98tm,DanielEscaners
Isaac98tm,will_llermo
Isaac98tm,Mann_Ohne_Namen
Isaac98tm,jorgepm91
marctorres,Simonsds
marctorres,genzai_2
marctorres,ezequiel2517
marctorres,Ivan_Suarez
marctorres,paloma55
marctorres,uryenbg
marctorres,Faure
marctorres,Isaac98tm
marioquema,DavidGS90
marioquema,Juanky97
marioquema,jaimeac
marioquema,MartialCantarel
marioquema,Faure
marioquema,genzai_2
marioquema,bergmantonioni
marioquema,fabregatto
marioquema,stalker98
marioquema,Mann_Ohne_Namen
marioquema,Jorgemz
marioquema,Ivan_Suarez
marioquema,utges
marioquema,paloma55
marioquema,ezequiel2517
marioquema,Simonsds
marioquema,edgarfaber
marioquema,jal90
marioquema,guillehormigo
marioquema,will_llermo
marioquema,Dani1Medina
Juanky97,Simonsds
Juanky97,DavidGS90
Juanky97,gorkalonso1
Juanky97,Marcos_M_Rom
Juanky97,Bernatus
Juanky97,edgarfaber
Juanky97,alemartin
Juanky97,jjm_24
Juanky97,HEYMYMAN
Juanky97,paloma55
Juanky97,genzai_2
Jorgemz,gorkalonso1
Jorgemz,Simonsds
Jorgemz,paloma55
jorgepm91,Simonsds
jorgepm91,jjm_24
jorgepm91,HEYMYMAN
jorgepm91,Batty
jorgepm91,Faure
jorgepm91,Maties_TP
jorgepm91,DanielEscaners
jorgepm91,Ninotchka
jorgepm91,Mann_Ohne_Namen
Dani1Medina,Simonsds
Dani1Medina,ezequiel2517
Dani1Medina,antares_not
Dani1Medina,genzai_2
Dani1Medina,paloma55
Dani1Medina,rafaqc97
Dani1Medina,jal90
Dani1Medina,Ivan_Suarez
Dani1Medina,jjm_24
Dani1Medina,uryenbg
Dani1Medina,Batty
Dani1Medina,Isaac98tm
Dani1Medina,Faure
Dani1Medina,Javchas
Dani1Medina,DanielEscaners
Dani1Medina,marioquema
Carlos_,Borinot
Carlos_,RachelMyGod
Carlos_,paloma55
Carlos_,Batty
Carlos_,jjm_24
Carlos_,fshtravis
Carlos_,Ivan_Suarez
Carlos_,jal90
Carlos_,Simonsds
Carlos_,A_Karerina
Carlos_,Ninotchka
Carlos_,Malala
Carlos_,ExplodingBoy
Sirah_Wiedemann,Simonsds
Sirah_Wiedemann,Ivan_Suarez
Sirah_Wiedemann,Ninotchka
Sirah_Wiedemann,RachelMyGod
Sirah_Wiedemann,Manuki
Sirah_Wiedemann,paloma55
Sirah_Wiedemann,FaildeGuionista
jaimeac,Simonsds
jaimeac,gorkalonso1
jaimeac,TaeSuk
jaimeac,Ivan_Suarez
jaimeac,paloma55
jaimeac,Doark13
MartialCantarel,Simonsds
MartialCantarel,Ninotchka
MartialCantarel,Mann_Ohne_Namen
MartialCantarel,jjm_24
MartialCantarel,paloma55
will_llermo,Juanky97
will_llermo,genzai_2
will_llermo,JoanCuadrado
will_llermo,Endika
will_llermo,gorkalonso1
will_llermo,jaimeac
will_llermo,MartialCantarel
will_llermo,Bernatus
will_llermo,Borinot
will_llermo,HEYMYMAN
will_llermo,Saba1e7e
will_llermo,bander7
will_llermo,Simonsds
will_llermo,LaCaneli
will_llermo,antares_not
will_llermo,Jorgemz
will_llermo,fabregatto
will_llermo,jjm_24
will_llermo,paloma55
will_llermo,Malala
will_llermo,fshtravis
will_llermo,ezequiel2517
will_llermo,bergmantonioni
will_llermo,AlCorona
will_llermo,bustinduy
will_llermo,Ivan_Suarez
will_llermo,marctorres
will_llermo,davidpardi97
will_llermo,DanielQuinn
will_llermo,mmgarnica
will_llermo,Dani1Medina
will_llermo,marioquema
will_llermo,Javchas
will_llermo,rafaqc97
will_llermo,Faure
will_llermo,A_Karerina
will_llermo,Ninotchka
will_llermo,Batty
will_llermo,Vareludo
will_llermo,utges
will_llermo,edgarfaber
will_llermo,uryenbg
will_llermo,guillehormigo
will_llermo,RachelMyGod
will_llermo,MarioIglesias
will_llermo,jal90
will_llermo,fleming22
will_llermo,Mann_Ohne_Namen
will_llermo,jorgepm91
will_llermo,DanielEscaners
will_llermo,Isaac98tm
will_llermo,Vicioinherente
maximo_,Simonsds
maximo_,bustinduy
Didacus,gorkalonso1
Didacus,alemartin
Didacus,elenacf
Didacus,Malala
Didacus,paloma55
Didacus,utges
Didacus,Ivan_Suarez
Didacus,Simonsds
Didacus,Lobo_Lopez
parhelic,Simonsds
parhelic,antares_not
parhelic,Faure
parhelic,LBaena
parhelic,Alberto87FR
parhelic,Batty
parhelic,jal90
Lubilder,TaeSuk
Lubilder,Marcos_M_Rom
Lubilder,MrLombreeze
Lubilder,FilmCanet
Lubilder,Simonsds
Lubilder,paloma55
Lubilder,JoanCuadrado
Lubilder,Manuki
Lubilder,Tannhauser
Lubilder,jal90
Lubilder,ezequiel2517
Lubilder,Malala
