Title,Year,url_peli,Review
Eyes Wide Shut,1999,/film/eyes-wide-shut/,282
Lost Highway,1997,/film/lost-highway/,263
Crash,1996,/film/crash/,217
Heat,1995,/film/heat-1995/,206
A Brighter Summer Day,1991,/film/a-brighter-summer-day/,206
La Belle Noiseuse,1991,/film/la-belle-noiseuse/,202
Cure,1997,/film/cure/,169
Twin Peaks: Fire Walk with Me,1992,/film/twin-peaks-fire-walk-with-me/,166
Chungking Express,1994,/film/chungking-express/,165
Carlito's Way,1993,/film/carlitos-way/,163
New Rose Hotel,1998,/film/new-rose-hotel/,161
The Bridges of Madison County,1995,/film/the-bridges-of-madison-county/,160
Dream of Light,1992,/film/dream-of-light/,150
Beau Travail,1999,/film/beau-travail/,148
Abraham's Valley,1993,/film/abrahams-valley/,136
Princess Mononoke,1997,/film/princess-mononoke/,135
Pulp Fiction,1994,/film/pulp-fiction/,132
Satantango,1994,/film/satantango/,131
Taste of Cherry,1997,/film/taste-of-cherry/,115
Close-Up,1990,/film/close-up/,106
Céline,1992,/film/film:96932/,104
GoodFellas,1990,/film/goodfellas/,91
Unforgiven,1992,/film/unforgiven/,91
Drifting Clouds,1996,/film/drifting-clouds-1996/,90
The Sound of the Shaking Earth,1990,/film/the-sound-of-the-shaking-earth/,89
All About My Mother,1999,/film/all-about-my-mother/,87
Strange Days,1995,/film/strange-days/,84
Voices Through Time,1996,/film/voices-through-time/,83
The Blackout,1997,/film/the-blackout/,82
The Straight Story,1999,/film/the-straight-story/,81
Showgirls,1995,/film/showgirls/,80
Caro diario,1993,/film/caro-diario/,80
A Summer's Tale,1996,/film/a-summers-tale/,80
Eternity and a Day,1998,/film/eternity-and-a-day/,80
Portrait of a Young Girl at the End of the 60s in Brussels,1994,/film/portrait-of-a-young-girl-at-the-end-of-the-60s-in-brussels/,79
Antigone,1992,/film/antigone-1992/,79
Perfect Blue,1997,/film/perfect-blue/,78
Nouvelle Vague,1990,/film/nouvelle-vague/,78
The Matrix,1999,/film/the-matrix/,73
A Tale of Winter,1992,/film/a-tale-of-winter/,73
"Up, Down, Fragile",1995,/film/up-down-fragile/,72
The Double Life of Véronique,1991,/film/the-double-life-of-veronique/,69
"Hail, Sarajevo",1993,/film/hail-sarajevo/,68
Irma Vep,1996,/film/irma-vep/,64
"Life, and Nothing More…",1992,/film/life-and-nothing-more/,64
Wild at Heart,1990,/film/wild-at-heart/,63
U.S. Go Home,1994,/film/us-go-home/,61
Train of Shadows,1997,/film/train-of-shadows/,61
In the Mouth of Madness,1994,/film/in-the-mouth-of-madness/,59
Porco Rosso,1992,/film/porco-rosso/,59
The Thin Red Line,1998,/film/the-thin-red-line/,57
The Lovers on the Bridge,1991,/film/the-lovers-on-the-bridge/,57
Three Colours: Red,1994,/film/three-colours-red/,57
Raise the Red Lantern,1991,/film/raise-the-red-lantern/,54
Lou Didn’t Say No,1994,/film/lou-didnt-say-no/,54
Three Colours: Blue,1993,/film/three-colours-blue/,54
Underground,1995,/film/underground-1995/,54
Fargo,1996,/film/fargo/,53
The Match Factory Girl,1990,/film/the-match-factory-girl/,53
Ed Wood,1994,/film/ed-wood/,53
The Silence of the Lambs,1991,/film/the-silence-of-the-lambs/,53
Before Sunrise,1995,/film/before-sunrise/,52
Magnolia,1999,/film/magnolia/,52
A Tale of Autumn,1998,/film/a-tale-of-autumn/,52
The Long Day Closes,1992,/film/the-long-day-closes/,51
I Hired a Contract Killer,1990,/film/i-hired-a-contract-killer/,51
Ulysses' Gaze,1995,/film/ulysses-gaze/,51
Vive L'Amour,1994,/film/vive-lamour/,50
Sicily!,1999,/film/sicily/,49
Snake Eyes,1998,/film/snake-eyes/,49
Happy Together,1997,/film/happy-together-1997/,48
A Moment of Innocence,1996,/film/a-moment-of-innocence/,46
Van Gogh,1991,/film/van-gogh/,46
Titanic,1997,/film/titanic-1997/,46
August in the Water,1995,/film/august-in-the-water/,46
Through the Olive Trees,1994,/film/through-the-olive-trees/,43
Barton Fink,1991,/film/barton-fink/,41
The Big Lebowski,1998,/film/the-big-lebowski/,41
Only Yesterday,1991,/film/only-yesterday/,41
King of New York,1990,/film/king-of-new-york/,40
eXistenZ,1999,/film/existenz/,40
Neon Genesis Evangelion: The End of Evangelion,1997,/film/neon-genesis-evangelion-the-end-of-evangelion/,39
Funny Games,1997,/film/funny-games/,39
The Age of Innocence,1993,/film/the-age-of-innocence/,39
La Ceremonie,1995,/film/la-ceremonie/,38
Green Snake,1993,/film/green-snake/,38
La Haine,1995,/film/la-haine/,38
The Hole,1998,/film/the-hole/,38
Se7en,1995,/film/se7en/,38
Rebels of the Neon God,1992,/film/rebels-of-the-neon-god/,37
The Virgin Suicides,1999,/film/the-virgin-suicides/,36
Whisper of the Heart,1995,/film/whisper-of-the-heart/,36
Variations,1998,/film/variations-1998/,35
Scream,1996,/film/scream/,35
The Last Days of Disco,1998,/film/the-last-days-of-disco/,35
The Stendhal Syndrome,1996,/film/the-stendhal-syndrome/,34
The Flower of My Secret,1995,/film/the-flower-of-my-secret/,34
A Perfect World,1993,/film/a-perfect-world/,34
The Last Dive,1992,/film/the-last-dive/,33
"The Tree, the Mayor and the Mediatheque",1993,/film/the-tree-the-mayor-and-the-mediatheque/,33
Boogie Nights,1997,/film/boogie-nights/,32
Starship Troopers,1997,/film/starship-troopers/,31
The Enclosed Valley,1995,/film/the-enclosed-valley/,31
The Lion King,1994,/film/the-lion-king/,31
Mahjong,1996,/film/mahjong/,31
The Annunciation of Marie,1991,/film/the-annunciation-of-marie/,30
Fireworks,1997,/film/fireworks-1997/,30
Blue Black Permanent,1992,/film/blue-black-permanent/,29
Outer Space,1999,/film/outer-space/,29
Amsterdam Global Village,1996,/film/amsterdam-global-village/,29
The Addiction,1995,/film/the-addiction/,28
God's Comedy,1995,/film/gods-comedy/,28
Reservoir Dogs,1992,/film/reservoir-dogs/,28
Casino,1995,/film/casino/,28
La Vie de Bohème,1992,/film/la-vie-de-boheme/,28
Trainspotting,1996,/film/trainspotting/,27
Ghost in the Shell,1995,/film/ghost-in-the-shell/,27
Exotica,1994,/film/exotica/,27
Fallen Angels,1995,/film/fallen-angels/,27
The Sixth Sense,1999,/film/the-sixth-sense/,26
Kikujiro,1999,/film/kikujiro/,26
Workers Leaving the Factory,1995,/film/workers-leaving-the-factory/,26
A Child’s Garden and the Serious Sea,1991,/film/a-childs-garden-and-the-serious-sea/,26
My Best Friend's Wedding,1997,/film/my-best-friends-wedding/,26
Moving,1993,/film/moving-1993/,25
Contact,1997,/film/contact/,25
The Mission,1999,/film/the-mission-1999/,24
Night on Earth,1991,/film/night-on-earth/,24
Smoke,1995,/film/smoke/,24
"No, or the Vain Glory of Command",1990,/film/no-or-the-vain-glory-of-command/,24
Toy Story,1995,/film/toy-story/,24
Naked Lunch,1991,/film/naked-lunch/,24
The Celebration,1998,/film/the-celebration/,23
Casa de Lava,1994,/film/casa-de-lava/,23
Silvia Prieto,1999,/film/silvia-prieto/,23
Travolta and Me,1993,/film/travolta-and-me/,23
Edward Scissorhands,1990,/film/edward-scissorhands/,23
Groundhog Day,1993,/film/groundhog-day/,23
"Oh, Woe Is Me",1993,/film/oh-woe-is-me/,23
The Wind of the Night,1999,/film/the-wind-of-the-night/,23
You've Got Mail,1998,/film/youve-got-mail/,22
The Mirage,1992,/film/the-mirage-1992/,22
Dreams,1990,/film/dreams/,22
Nowhere,1997,/film/nowhere/,22
Basic Instinct,1992,/film/basic-instinct/,22
Buffalo '66,1998,/film/buffalo-66/,22
"Comrades, Almost a Love Story",1996,/film/comrades-almost-a-love-story/,22
The Nightmare Before Christmas,1993,/film/the-nightmare-before-christmas/,22
Manhattan Murder Mystery,1993,/film/manhattan-murder-mystery/,22
Paris Is Burning,1990,/film/paris-is-burning/,22
I Can No Longer Hear the Guitar,1991,/film/i-can-no-longer-hear-the-guitar/,21
Safe,1995,/film/safe/,21
Voyage to the Beginning of the World,1997,/film/voyage-to-the-beginning-of-the-world/,21
Side/Walk/Shuttle,1992,/film/side-walk-shuttle/,21
The Sunchaser,1996,/film/the-sunchaser/,21
Flowers of Shanghai,1998,/film/flowers-of-shanghai/,20
From the East,1993,/film/from-the-east/,20
Mother and Son,1997,/film/mother-and-son/,20
Terminator 2: Judgment Day,1991,/film/terminator-2-judgment-day/,20
The Company of Strangers,1990,/film/the-company-of-strangers/,20
Hard Boiled,1992,/film/hard-boiled/,19
Jackie Brown,1997,/film/jackie-brown/,19
Clueless,1995,/film/clueless/,19
Happiness,1998,/film/happiness/,19
Videograms of a Revolution,1992,/film/videograms-of-a-revolution/,19
The Godfather Part III,1990,/film/the-godfather-part-iii/,19
Gremlins 2: The New Batch,1990,/film/gremlins-2-the-new-batch/,19
Naked,1993,/film/naked/,19
Triste,1996,/film/triste/,19
Visions in Meditation,1990,/film/visions-in-meditation/,19
Days of Being Wild,1990,/film/ah-fei-jing-juen/,19
Trust,1990,/film/trust/,19
American Beauty,1999,/film/american-beauty/,18
Audition,1999,/film/audition/,18
Face/Off,1997,/film/face-off/,18
Short Cuts,1993,/film/short-cuts/,18
Angel Dust,1994,/film/angel-dust/,18
Sink or Swim,1990,/film/sink-or-swim/,18
The Piano,1993,/film/the-piano/,18
The Blair Witch Project,1999,/film/the-blair-witch-project/,17
M/Other,1999,/film/m-other/,17
Bound,1996,/film/bound/,17
JLG/JLG: Self-Portrait in December,1994,/film/jlg-jlg-self-portrait-in-december/,17
Blue,1993,/film/blue-1993/,17
Schindler's List,1993,/film/schindlers-list/,17
Song of Avignon,1998,/film/song-of-avignon/,16
Light Sleeper,1992,/film/light-sleeper/,16
Star Wars: Episode I – The Phantom Menace,1999,/film/star-wars-episode-i-the-phantom-menace/,16
"White Hunter, Black Heart",1990,/film/white-hunter-black-heart/,16
A Heart in Winter,1992,/film/a-heart-in-winter/,16
A Place in the World,1992,/film/a-place-in-the-world/,16
Europa,1991,/film/europa/,16
The Last Bolshevik,1993,/film/the-last-bolshevik/,16
Love on Delivery,1994,/film/love-on-delivery/,16
The Road Home,1999,/film/the-road-home/,16
Dazed and Confused,1993,/film/dazed-and-confused/,15
"Goodbye South, Goodbye",1996,/film/goodbye-south-goodbye/,15
Jamon Jamon,1992,/film/jamon-jamon/,15
Metropolitan,1990,/film/metropolitan/,15
Secrets & Lies,1996,/film/secrets-lies/,15
Bram Stoker's Dracula,1992,/film/bram-stokers-dracula/,15
Husbands and Wives,1992,/film/husbands-and-wives/,15
Jacquot de Nantes,1991,/film/jacquot-de-nantes/,15
Jurassic Park,1993,/film/jurassic-park/,15
Point Break,1991,/film/point-break/,15
Revolutionary Girl Utena,1997,/film/revolutionary-girl-utena/,15
Gattaca,1997,/film/gattaca/,14
Ghost Dog: The Way of the Samurai,1999,/film/ghost-dog-the-way-of-the-samurai/,14
The Iron Giant,1999,/film/the-iron-giant/,14
But I'm a Cheerleader,1999,/film/but-im-a-cheerleader/,14
Deep Cover,1992,/film/deep-cover/,14
The Shawshank Redemption,1994,/film/the-shawshank-redemption/,14
Katatsumori,1994,/film/katatsumori/,14
The Wind Will Carry Us,1999,/film/the-wind-will-carry-us/,14
All the Vermeers in New York,1990,/film/all-the-vermeers-in-new-york/,14
Central Station,1998,/film/central-station/,14
Dead Man,1995,/film/dead-man/,13
Rosetta,1999,/film/rosetta/,13
For Ever Mozart,1996,/film/for-ever-mozart/,13
In the Name of the Father,1993,/film/in-the-name-of-the-father-1993/,13
Secret Defense,1998,/film/secret-defense/,13
Show Me Love,1998,/film/show-me-love/,13
Thelma & Louise,1991,/film/thelma-louise/,13
New York Film Diary,1995,/film/new-york-film-diary/,13
Night and Day,1991,/film/night-and-day-1991/,13
The North Calotte,1991,/film/the-north-calotte/,13
"Black Cat, White Cat",1998,/film/black-cat-white-cat/,13
Comingled Containers,1996,/film/comingled-containers/,13
Humanité,1999,/film/humanite/,13
L.A. Confidential,1997,/film/la-confidential/,13
Siddheshwari,1990,/film/siddheshwari/,13
Velvet Goldmine,1998,/film/velvet-goldmine/,13
To Live,1994,/film/to-live/,12
Bad Lieutenant,1992,/film/bad-lieutenant/,12
Miller's Crossing,1990,/film/millers-crossing/,12
The Passengers,1999,/film/the-passengers/,12
Anxiety,1998,/film/anxiety/,12
Breaking the Waves,1996,/film/breaking-the-waves/,12
Labyrinth of Dreams,1997,/film/labyrinth-of-dreams/,12
Lessons of Darkness,1992,/film/lessons-of-darkness/,12
Rules of the Road,1993,/film/rules-of-the-road/,12
The Watermelon Woman,1996,/film/the-watermelon-woman/,12
The Mammals of Victoria,1994,/film/the-mammals-of-victoria/,12
The River,1997,/film/the-river-1997/,12
Pickpocket,1997,/film/pickpocket-1997/,11
The Insider,1999,/film/the-insider/,11
Level Five,1997,/film/level-five/,11
Ossos,1997,/film/ossos/,11
Rushmore,1998,/film/rushmore/,11
The Wedding Banquet,1993,/film/the-wedding-banquet/,11
Torment,1994,/film/torment-1994/,11
10 Things I Hate About You,1999,/film/10-things-i-hate-about-you/,11
A Tale of Springtime,1990,/film/a-tale-of-springtime/,11
Barrio,1998,/film/barrio/,11
Brother,1997,/film/brother-1997/,11
Butterfly,1999,/film/butterfly-1999/,11
Pachamama: Our Land,1995,/film/pachamama-our-land/,11
The Doom Generation,1995,/film/the-doom-generation/,11
The Remains of the Day,1993,/film/the-remains-of-the-day/,11
Barbara,1997,/film/barbara-1997/,11
High Heels,1991,/film/high-heels/,11
Suzaku,1997,/film/suzaku/,11
The Son Of...,1995,/film/the-son-of/,11
The Suspended Step of the Stork,1991,/film/the-suspended-step-of-the-stork/,11
Barren Illusion,1999,/film/barren-illusion/,11
Short Fuse,1991,/film/short-fuse/,11
Running Out of Time,1999,/film/running-out-of-time/,10
The Ambulance,1990,/film/the-ambulance/,10
Tokyo Fist,1995,/film/tokyo-fist/,10
We're All Still Here,1997,/film/were-all-still-here/,10
Babel: A Letter to My Friends Left Behind in Belgium,1991,/film/babel-a-letter-to-my-friends-left-behind-in-belgium/,10
Before the Rain,1994,/film/before-the-rain/,10
Falling Lessons,1992,/film/falling-lessons/,10
Farewell My Concubine,1993,/film/farewell-my-concubine/,10
Hoop Dreams,1994,/film/hoop-dreams/,10
Lovers of the Arctic Circle,1998,/film/lovers-of-the-arctic-circle/,10
Mission: Impossible,1996,/film/mission-impossible/,10
My Sex Life... or How I Got Into an Argument,1996,/film/my-sex-life-or-how-i-got-into-an-argument/,10
Peppermint Candy,1999,/film/peppermint-candy/,10
River of Gold,1998,/film/river-of-gold/,10
Untitled (For Marilyn),1992,/film/untitled-for-marilyn/,10
Wonderland,1999,/film/wonderland/,10
Buena Vista Social Club,1999,/film/buena-vista-social-club/,10
Household Saints,1993,/film/household-saints/,10
Love Letter,1995,/film/love-letter/,10
Pleasantville,1998,/film/pleasantville/,10
Strawberry and Chocolate,1993,/film/strawberry-and-chocolate/,10
JFK,1991,/film/jfk/,9
Event Horizon,1997,/film/event-horizon/,9
The Exorcist III,1990,/film/the-exorcist-iii/,9
Being John Malkovich,1999,/film/being-john-malkovich/,9
Hyenas,1992,/film/hyenas-1992/,9
Instrument,1999,/film/instrument-1999/,9
The Grandfather,1998,/film/the-grandfather/,9
The Truman Show,1998,/film/the-truman-show/,9
Gummo,1997,/film/gummo/,9
Muriel's Wedding,1994,/film/muriels-wedding/,9
Orlando,1992,/film/orlando/,9
Romeo + Juliet,1996,/film/romeo-juliet-1996/,9
Sombre,1998,/film/sombre/,9
Song of the Exile,1990,/film/song-of-the-exile/,9
Taboo,1999,/film/taboo-1999/,9
The Scent of Green Papaya,1993,/film/the-scent-of-green-papaya/,9
True Romance,1993,/film/true-romance/,9
Vampires,1998,/film/vampires/,9
Apologies,1990,/film/apologies/,9
Little Odessa,1994,/film/little-odessa/,9
Love & Pop,1998,/film/love-pop/,9
The Man in the Moon,1991,/film/the-man-in-the-moon/,8
My Own Private Idaho,1991,/film/my-own-private-idaho/,8
Bringing Out the Dead,1999,/film/bringing-out-the-dead/,8
Captain Conan,1996,/film/captain-conan/,8
Deseret,1996,/film/deseret/,8
Hide and Seek,1996,/film/film:80033/,8
The Adjuster,1991,/film/the-adjuster/,8
The Eel,1997,/film/the-eel/,8
2/Duo,1997,/film/2-duo/,8
A Confucian Confusion,1994,/film/a-confucian-confusion/,8
Avetik,1992,/film/avetik/,8
Et Resurrectus Est,1994,/film/et-resurrectus-est/,8
I Can't Sleep,1994,/film/i-cant-sleep/,8
Life/Expectancy,1999,/film/life-expectancy/,8
Made in Hong Kong,1997,/film/made-in-hong-kong/,8
Mama,1990,/film/mama-1990/,8
Mary Jane's Not a Virgin Anymore,1996,/film/mary-janes-not-a-virgin-anymore/,8
Tigerstreifenbaby wartet auf Tarzan,1998,/film/tigerstreifenbaby-wartet-auf-tarzan/,8
Ju Dou,1990,/film/ju-dou/,7
After Life,1998,/film/after-life/,7
Army of Darkness,1992,/film/army-of-darkness/,7
Thesis,1996,/film/thesis/,7
Beautiful Girls,1996,/film/beautiful-girls/,7
Embracing,1992,/film/embracing/,7
20th Century Nostalgia,1997,/film/20th-century-nostalgia/,7
Bärbel and Charly,1994,/film/barbel-and-charly/,7
Five-Year Diary,1997,/film/five-year-diary/,7
Forrest Gump,1994,/film/forrest-gump/,7
Natural Born Killers,1994,/film/natural-born-killers/,7
Private Property (Public Domain),1991,/film/private-property-public-domain/,7
Raising Cain,1992,/film/raising-cain/,7
Scenes from the Life of Andy Warhol: Friendships & Intersections,1990,/film/scenes-from-the-life-of-andy-warhol-friendships-intersections/,7
The Beginning and the End,1993,/film/the-beginning-and-the-end/,7
The City of Lost Children,1995,/film/the-city-of-lost-children/,7
The Letter,1999,/film/the-letter-1999/,7
Toy Story 2,1999,/film/toy-story-2/,7
Until the End of the World,1991,/film/until-the-end-of-the-world/,7
Welcome to the Dollhouse,1995,/film/welcome-to-the-dollhouse/,7
Yokohama Kaidashi Kikou,1998,/film/yokohama-kaidashi-kikou-1998/,7
Zero Patience,1993,/film/zero-patience/,7
¡Que vivan los crotos!,1990,/film/que-vivan-los-crotos/,7
Lone Star,1996,/film/lone-star-1996/,6
Twelve Monkeys,1995,/film/twelve-monkeys/,6
Chasing Amy,1997,/film/chasing-amy/,6
Cradle Song,1994,/film/cradle-song-1994/,6
Killer,1998,/film/killer-1998/,6
Lady Lazarus,1992,/film/lady-lazarus/,6
The Neon Bible,1995,/film/the-neon-bible/,6
Warsaw Bridge,1990,/film/warsaw-bridge/,6
A Few Good Men,1992,/film/a-few-good-men/,6
American History X,1998,/film/american-history-x/,6
Bouquets 1-10,1995,/film/bouquets-1-10/,6
Chronicle of a Disappearance,1996,/film/chronicle-of-a-disappearance/,6
Dil Se..,1998,/film/dil-se/,6
End,1992,/film/end-1992/,6
Kamen Rider ZO,1993,/film/kamen-rider-zo/,6
Monkeys Like Becky,1999,/film/monkeys-like-becky/,6
Nitrate Kisses,1992,/film/nitrate-kisses/,6
Noises Off...,1992,/film/noises-off/,6
Not One Less,1999,/film/not-one-less/,6
Pom Poko,1994,/film/pom-poko/,6
Ruby in Paradise,1993,/film/ruby-in-paradise/,6
The Living End,1992,/film/the-living-end/,6
What Happened Was...,1994,/film/what-happened-was/,6
Hackers,1995,/film/hackers/,6
Julien Donkey-Boy,1999,/film/julien-donkey-boy/,6
Kabhi Haan Kabhi Naa,1994,/film/kabhi-haan-kabhi-naa/,6
Maborosi,1995,/film/maborosi/,6
Madadayo,1993,/film/madadayo/,6
Neon Genesis Evangelion,1995,/film/neon-genesis-evangelion/,6
Palms,1994,/film/palms/,6
Passage Through: A Ritual,1990,/film/passage-through-a-ritual/,6
Rodrigo D. No Future,1990,/film/rodrigo-d-no-future/,6
The Prince of Homburg,1997,/film/the-prince-of-homburg/,6
To Be or Not to Be,1998,/film/to-be-or-not-to-be-1998/,6
Trasparenze,1998,/film/trasparenze/,6
What's Wrong With The World,1996,/film/whats-wrong-with-the-world/,6
A Moment of Romance,1990,/film/a-moment-of-romance/,5
Dangerous Game,1993,/film/dangerous-game/,5
Man on the Moon,1999,/film/man-on-the-moon/,5
Aprile,1998,/film/aprile/,5
Bitter Moon,1992,/film/bitter-moon/,5
Cape Fear,1991,/film/cape-fear-1991/,5
Center Stage,1991,/film/center-stage-1991/,5
Dances with Wolves,1990,/film/dances-with-wolves/,5
Election,1999,/film/election/,5
"Faraway, So Close!",1993,/film/faraway-so-close/,5
Fearless,1993,/film/fearless/,5
Glaze of Cathexis,1990,/film/glaze-of-cathexis/,5
Glengarry Glen Ross,1992,/film/glengarry-glen-ross/,5
Goshogaoka,1998,/film/goshogaoka/,5
Haru,1996,/film/haru/,5
Kids,1995,/film/kids/,5
"Lock, Stock and Two Smoking Barrels",1998,/film/lock-stock-and-two-smoking-barrels/,5
Love at First Sight,1991,/film/love-at-first-sight-1991/,5
Léolo,1992,/film/leolo/,5
Matinee,1993,/film/matinee/,5
Rendezvous in Paris,1995,/film/rendezvous-in-paris-1995/,5
Study of a River,1997,/film/study-of-a-river/,5
The Act in Question,1993,/film/the-act-in-question/,5
The Baby of Mâcon,1993,/film/the-baby-of-macon/,5
The Dark Side of the Heart,1992,/film/the-dark-side-of-the-heart/,5
The Hot Spot,1990,/film/the-hot-spot/,5
The House,1997,/film/the-house/,5
The Hudsucker Proxy,1994,/film/the-hudsucker-proxy/,5
The Juniper Tree,1990,/film/the-juniper-tree/,5
The Lovers,1994,/film/the-lovers-1994/,5
The Old Man in the Cottage,1996,/film/the-old-man-in-the-cottage/,5
The Thing Called Love,1993,/film/the-thing-called-love/,5
True Crime,1999,/film/true-crime-1999/,5
"""Now I Am Yours""",1993,/film/now-i-am-yours/,5
American Buffalo,1996,/film/american-buffalo/,5
Angela,1995,/film/angela/,5
Archangel,1990,/film/archangel-1990/,5
Away with Words,1999,/film/away-with-words/,5
Balto,1995,/film/balto/,5
Beautiful Thing,1996,/film/beautiful-thing/,5
Blue Diary,1998,/film/blue-diary/,5
Central Park,1990,/film/central-park-1990/,5
Cowboy Bebop,1998,/film/cowboy-bebop/,5
Cézanne: Conversation with Joachim Gasquet,1990,/film/cezanne-conversation-with-joachim-gasquet/,5
Danzón,1991,/film/danzon/,5
Dolores Claiborne,1995,/film/dolores-claiborne/,5
Ek Ghar,1991,/film/ek-ghar/,5
Frankenhooker,1990,/film/frankenhooker/,5
From Moscow to Pietushki,1990,/film/from-moscow-to-pietushki/,5
"Gatica, the Monkey",1993,/film/gatica-the-monkey/,5
I Stand Alone,1998,/film/i-stand-alone/,5
Labios de Churrasco,1994,/film/labios-de-churrasco/,5
Lawn Dogs,1997,/film/lawn-dogs/,5
Love at Large,1990,/film/love-at-large/,5
Martin (Hache),1997,/film/martin-hache/,5
Philadelphia,1993,/film/philadelphia/,5
Picnic,1996,/film/picnic-1996/,5
Private Lives,1991,/film/private-lives-1991/,5
Rapid Fire,1996,/film/rapid-fire-1996/,5
Reprise,1996,/film/reprise-1996/,5
Scream 2,1997,/film/scream-2/,5
"Simon, the Magician",1999,/film/simon-the-magician/,5
Swallowtail Butterfly,1996,/film/swallowtail-butterfly/,5
The Hours: A Square Film,1995,/film/the-hours-a-square-film/,5
The Limey,1999,/film/the-limey/,5
The Talented Mr. Ripley,1999,/film/the-talented-mr-ripley/,5
The Thief and the Cobbler,1993,/film/the-thief-and-the-cobbler/,5
Tribulation 99: Alien Anomalies Under America,1991,/film/tribulation-99-alien-anomalies-under-america/,5
Truly Madly Deeply,1990,/film/truly-madly-deeply/,5
A Scene at the Sea,1991,/film/a-scene-at-the-sea/,4
Same Old Song,1997,/film/same-old-song/,4
Sleepy Hollow,1999,/film/sleepy-hollow/,4
"Take Care of Your Scarf, Tatjana",1994,/film/take-care-of-your-scarf-tatjana/,4
The Blade,1995,/film/the-blade/,4
The Day of the Beast,1995,/film/the-day-of-the-beast/,4
Buccaneer Soul,1993,/film/buccaneer-soul/,4
Children of Heaven,1997,/film/children-of-heaven/,4
Cold Water,1994,/film/cold-water/,4
Kika,1993,/film/kika/,4
License to Live,1998,/film/license-to-live/,4
Life Is Beautiful,1997,/film/life-is-beautiful/,4
Like Grains of Sand,1995,/film/like-grains-of-sand/,4
Patlabor 2: The Movie,1993,/film/patlabor-2-the-movie/,4
Saving Private Ryan,1998,/film/saving-private-ryan/,4
Sense and Sensibility,1995,/film/sense-and-sensibility/,4
The Convent,1995,/film/the-convent-1995/,4
The Hunchback of Notre Dame,1996,/film/the-hunchback-of-notre-dame-1996/,4
The Last Angel of History,1996,/film/the-last-angel-of-history/,4
The Sweet Hereafter,1997,/film/the-sweet-hereafter/,4
To Sleep with Anger,1990,/film/to-sleep-with-anger/,4
Total Recall,1990,/film/total-recall/,4
Affliction,1997,/film/affliction/,4
Anjaam,1994,/film/anjaam/,4
Ballet,1995,/film/ballet/,4
Beyond the Clouds,1995,/film/beyond-the-clouds/,4
Birth of a Nation,1997,/film/birth-of-a-nation-1997/,4
Body Snatchers,1993,/film/body-snatchers/,4
Bombay,1995,/film/bombay/,4
Burnt by the Sun,1994,/film/burnt-by-the-sun/,4
Clockers,1995,/film/clockers/,4
Cows,1992,/film/cows/,4
Cruel Intentions,1999,/film/cruel-intentions/,4
Devotio Moderna,1993,/film/devotio-moderna/,4
Dilwale Dulhania Le Jayenge,1995,/film/dilwale-dulhania-le-jayenge/,4
Dogfight,1991,/film/dogfight/,4
Earth,1996,/film/earth-1996/,4
Echoed Silence,1998,/film/echoed-silence/,4
Fiorucci Made Me Hardcore,1999,/film/fiorucci-made-me-hardcore/,4
From Today Until Tomorrow,1997,/film/from-today-until-tomorrow/,4
Full Alert,1997,/film/full-alert/,4
Herzsprung,1992,/film/herzsprung/,4
Histoire(s) du Cinéma 4b: The Signs Among Us,1998,/film/histoires-du-cinema-4b-the-signs-among-us/,4
Honeymoon,1998,/film/honeymoon-1998/,4
Human Resources,1999,/film/human-resources/,4
Kuch Kuch Hota Hai,1998,/film/kuch-kuch-hota-hai/,4
Like Water for Chocolate,1992,/film/like-water-for-chocolate/,4
Mandrake,1997,/film/mandrake-1997/,4
Misery,1990,/film/misery/,4
Moonlight Serenade,1997,/film/moonlight-serenade-1997/,4
My Best Fiend,1999,/film/my-best-fiend/,4
Pain of Love,1992,/film/pain-of-love/,4
Perfect Love,1996,/film/perfect-love/,4
Persian Series #2,1999,/film/persian-series-2/,4
Private Confessions,1996,/film/private-confessions/,4
Ram Jaane,1995,/film/ram-jaane/,4
Serial Experiments Lain,1998,/film/serial-experiments-lain/,4
Smoking / No Smoking,1993,/film/smoking-no-smoking/,4
Stalingrad,1993,/film/stalingrad/,4
The Daytrippers,1996,/film/the-daytrippers/,4
The Dream of a Ridiculous Man,1992,/film/the-dream-of-a-ridiculous-man/,4
The God Crippled With One Leg,1994,/film/the-god-crippled-with-one-leg/,4
The Golden Boat,1990,/film/the-golden-boat/,4
The Hairdresser's Husband,1990,/film/the-hairdressers-husband/,4
The Prince of Egypt,1998,/film/the-prince-of-egypt/,4
The Puppetmaster,1993,/film/the-puppetmaster/,4
The Red Squirrel,1993,/film/the-red-squirrel/,4
The Spinning Wheel of Time,1996,/film/the-spinning-wheel-of-time/,4
The Wrong Trousers,1993,/film/the-wrong-trousers/,4
Three Haiku Videos,1994,/film/three-haiku-videos/,4
Trauma,1993,/film/trauma-1993/,4
Travelers,1992,/film/travelers-1992/,4
Uncovered,1994,/film/uncovered/,4
Vessel,1992,/film/vessel-1992/,4
Zone,1995,/film/zone/,4
The Mangler,1995,/film/the-mangler/,3
A Fish in the Bathtub,1998,/film/a-fish-in-the-bathtub/,3
A Night in Nude,1993,/film/a-night-in-nude/,3
Amelia Lópes O'Neill,1991,/film/amelia-lopes-oneill/,3
As Bodas de Deus,1999,/film/as-bodas-de-deus/,3
Clerks,1994,/film/clerks/,3
Cube,1997,/film/cube/,3
Damage,1992,/film/damage/,3
Deconstructing Harry,1997,/film/deconstructing-harry/,3
Escape from L.A.,1996,/film/escape-from-la/,3
Much Ado About Nothing,1993,/film/much-ado-about-nothing/,3
Nenette and Boni,1996,/film/nenette-and-boni/,3
Open Your Eyes,1997,/film/open-your-eyes/,3
Ratcatcher,1999,/film/ratcatcher/,3
Shall We Dance?,1996,/film/shall-we-dance-1996/,3
Small Soldiers,1998,/film/small-soldiers/,3
Sonatine,1993,/film/sonatine/,3
"South Park: Bigger, Longer & Uncut",1999,/film/south-park-bigger-longer-uncut/,3
"Sweet Emma, Dear Böbe",1992,/film/sweet-emma-dear-bobe/,3
The Comfort of Strangers,1990,/film/the-comfort-of-strangers/,3
The Second Civil War,1997,/film/the-second-civil-war/,3
A Bronx Tale,1993,/film/a-bronx-tale/,3
A Simple Plan,1998,/film/a-simple-plan/,3
Absolute Power,1997,/film/absolute-power/,3
Agujetas Cantaor,1999,/film/agujetas-cantaor/,3
Aimée & Jaguar,1999,/film/aimee-jaguar/,3
Aladdin,1992,/film/aladdin/,3
And the Little Prince Said,1992,/film/and-the-little-prince-said/,3
Babe,1995,/film/babe/,3
Back Room,1999,/film/back-room/,3
Beauty and the Beast,1991,/film/beauty-and-the-beast-1991/,3
Bounce Ko Gals,1997,/film/bounce-ko-gals/,3
Cemetery Man,1994,/film/cemetery-man/,3
Dark City,1998,/film/dark-city-1998/,3
Death Becomes Her,1992,/film/death-becomes-her/,3
Freeway,1996,/film/freeway/,3
Gamera 3: Revenge of Iris,1999,/film/gamera-3-revenge-of-iris/,3
Germinal,1993,/film/germinal/,3
Good Will Hunting,1997,/film/good-will-hunting/,3
Hamsun,1996,/film/hamsun/,3
"Historias Breves 0: Vértigos, o contemplación de algo que cae",1993,/film/historias-breves-0-vertigos-o-contemplacion-de-algo-que-cae/,3
Idiot,1991,/film/idiot-1/,3
In Mexico,1990,/film/in-mexico/,3
In the Heat of the Sun,1994,/film/in-the-heat-of-the-sun/,3
Ladybird Ladybird,1994,/film/ladybird-ladybird/,3
Land and Freedom,1995,/film/land-and-freedom/,3
Little Dieter Needs to Fly,1997,/film/little-dieter-needs-to-fly/,3
Lost and Found,1996,/film/lost-and-found-1996/,3
Lucky Star,1997,/film/lucky-star/,3
Man of the Story,1995,/film/man-of-the-story/,3
March Comes In Like a Lion,1991,/film/march-comes-in-like-a-lion/,3
Memories,1995,/film/memories/,3
Memory Screen,1991,/film/memory-screen/,3
Metal and Melancholy,1994,/film/metal-and-melancholy/,3
Moon Warriors,1992,/film/moon-warriors/,3
Mulan,1998,/film/mulan/,3
My Crasy Life,1992,/film/my-crasy-life/,3
New Nightmare,1994,/film/new-nightmare/,3
No Sex Last Night,1996,/film/no-sex-last-night/,3
Nowhere to Hide,1999,/film/nowhere-to-hide/,3
Ode,1999,/film/ode/,3
Passage à l'Acte,1993,/film/passage-a-lacte/,3
Pokémon: The First Movie,1998,/film/pokemon-the-first-movie/,3
Police Story 3: Super Cop,1992,/film/police-story-3-super-cop/,3
Polite Madness,1996,/film/polite-madness/,3
Powder,1995,/film/powder/,3
Prospero's Books,1991,/film/prosperos-books/,3
Pump Up the Volume,1990,/film/pump-up-the-volume/,3
Reseeding Air,1996,/film/reseeding-air/,3
Rocky V,1990,/film/rocky-v/,3
Run Lola Run,1998,/film/run-lola-run/,3
Selena Live! The Last Concert,1995,/film/selena-live-the-last-concert/,3
Serial Mom,1994,/film/serial-mom/,3
Star Trek VI: The Undiscovered Country,1991,/film/star-trek-vi-the-undiscovered-country/,3
SubUrbia,1996,/film/suburbia-1996/,3
Sue,1997,/film/sue/,3
Sun of the Sleepless,1992,/film/sun-of-the-sleepless/,3
Swan Lake: The Zone,1990,/film/swan-lake-the-zone/,3
Terzen,1998,/film/terzen/,3
The Annihilation of Fish,1999,/film/the-annihilation-of-fish/,3
The Cement Garden,1993,/film/the-cement-garden/,3
The Crow,1994,/film/the-crow/,3
The Devil Never Sleeps,1994,/film/the-devil-never-sleeps/,3
The Field,1990,/film/the-field/,3
The Fisher King,1991,/film/the-fisher-king/,3
The Funeral,1996,/film/the-funeral-1996/,3
The House of the Spirits,1993,/film/the-house-of-the-spirits/,3
The Portrait of a Lady,1996,/film/the-portrait-of-a-lady/,3
The Power of Kangwon Province,1998,/film/the-power-of-kangwon-province/,3
The Skinny Alejandra,1994,/film/the-skinny-alejandra/,3
The Smell of Burning Ants,1994,/film/the-smell-of-burning-ants/,3
The Stoas,1997,/film/the-stoas/,3
Three Colours: White,1994,/film/three-colours-white/,3
"To Wong Foo, Thanks for Everything! Julie Newmar",1995,/film/to-wong-foo-thanks-for-everything-julie-newmar/,3
Twister,1996,/film/twister/,3
Until The End Of The Night,1995,/film/until-the-end-of-the-night/,3
Vanya on 42nd Street,1994,/film/vanya-on-42nd-street/,3
"Visit, or Memories and Confessions",1993,/film/visit-or-memories-and-confessions/,3
Walking and Talking,1996,/film/walking-and-talking/,3
Young Werther,1993,/film/young-werther/,3
beating,1994,/film/beating/,3
midst,1997,/film/midst/,3
Anastasia,1997,/film/anastasia-1997/,2
Baraka,1992,/film/baraka/,2
Bullet Ballet,1998,/film/bullet-ballet/,2
Calendar,1993,/film/calendar/,2
Conspirators of Pleasure,1996,/film/conspirators-of-pleasure/,2
Fight Club,1999,/film/fight-club/,2
Introduction to the End of an Argument,1990,/film/introduction-to-the-end-of-an-argument/,2
Lothringen!,1994,/film/lothringen/,2
The Apostle,1997,/film/the-apostle/,2
The Fifth Element,1997,/film/the-fifth-element/,2
The Little Girl Who Sold the Sun,1999,/film/the-little-girl-who-sold-the-sun/,2
The Muppet Christmas Carol,1992,/film/the-muppet-christmas-carol/,2
A Tale of Love,1995,/film/a-tale-of-love/,2
Artaud and the Tarahumaras,1996,/film/artaud-and-the-tarahumaras/,2
Bag of Rice,1997,/film/bag-of-rice/,2
Batman Returns,1992,/film/batman-returns/,2
Blood Ties,1991,/film/blood-ties-1991/,2
Blue Moon,1997,/film/blue-moon-1997/,2
Blue Value,1996,/film/blue-value/,2
Brincando el Charco: Portrait of a Puerto Rican,1994,/film/brincando-el-charco-portrait-of-a-puerto-rican/,2
Bullet in the Head,1990,/film/bullet-in-the-head/,2
Caught,1996,/film/caught-1996/,2
Class Trip,1998,/film/class-trip-1998/,2
Cop Land,1997,/film/cop-land/,2
Cry-Baby,1990,/film/cry-baby/,2
Dance of Dust,1998,/film/dance-of-dust/,2
Day of Despair,1992,/film/day-of-despair/,2
Drancy Future,1997,/film/drancy-future/,2
Dying at a Hospital,1993,/film/dying-at-a-hospital/,2
El techo del mundo,1995,/film/el-techo-del-mundo/,2
Elle,1996,/film/elle-1996/,2
Endless Waltz,1995,/film/endless-waltz/,2
Falling Down,1993,/film/falling-down/,2
"Freeze, Die, Come to Life",1990,/film/freeze-die-come-to-life/,2
Friends,1993,/film/friends-1993/,2
Gemini,1999,/film/gemini/,2
"Girl, Interrupted",1999,/film/girl-interrupted/,2
Go Fish,1994,/film/go-fish/,2
"Good Men, Good Women",1995,/film/good-men-good-women/,2
Hardwood Process,1996,/film/hardwood-process/,2
Hinterland,1998,/film/hinterland-1998/,2
Howards End,1992,/film/howards-end/,2
I've Heard the Ammonite Murmur,1992,/film/ive-heard-the-ammonite-murmur/,2
In the Presence of a Clown,1997,/film/in-the-presence-of-a-clown/,2
Jacob's Ladder,1990,/film/jacobs-ladder/,2
Kadhalan,1994,/film/kadhalan/,2
Life,1994,/film/life-1994/,2
Looking for an Angel,1999,/film/looking-for-an-angel/,2
Lovers: A True Story,1991,/film/lovers-a-true-story/,2
Love’s Debris,1996,/film/loves-debris/,2
MURDER and murder,1996,/film/murder-and-murder/,2
Matilda,1996,/film/matilda/,2
"Minbo, or the Gentle Art of Japanese Extortion",1992,/film/minbo-or-the-gentle-art-of-japanese-extortion/,2
Mutant Action,1993,/film/mutant-action/,2
Our Film,1993,/film/our-film-1993/,2
Pictures,1996,/film/pictures-1996/,2
Places in Cities,1998,/film/places-in-cities/,2
Postcards from the Edge,1990,/film/postcards-from-the-edge/,2
"Pretty Village, Pretty Flame",1996,/film/pretty-village-pretty-flame/,2
Prisoners of War,1995,/film/prisoners-of-war-1995/,2
Psycho,1998,/film/psycho-1998/,2
Quick Change,1990,/film/quick-change/,2
Railroad Man,1999,/film/railroad-man/,2
Riki-Oh: The Story of Ricky,1991,/film/riki-oh-the-story-of-ricky/,2
Robinson Crusoe Island,1999,/film/robinson-crusoe-island/,2
Roujin Z,1991,/film/roujin-z/,2
Récréations,1993,/film/recreations/,2
Savage Nights,1992,/film/savage-nights/,2
Sepio,1996,/film/sepio/,2
Silverlake Life: The View from Here,1993,/film/silverlake-life-the-view-from-here/,2
Singapore Sling,1990,/film/singapore-sling/,2
Spider,1992,/film/spider-1992/,2
Stellar,1993,/film/stellar/,2
Sun on the Horizon,1996,/film/sun-on-the-horizon/,2
Sundial,1992,/film/sundial/,2
Tender Fictions,1995,/film/tender-fictions/,2
That Thing You Do!,1996,/film/that-thing-you-do/,2
The Beach,1992,/film/the-beach-1992/,2
The Black Angel,1994,/film/the-black-angel/,2
The Color of Paradise,1999,/film/the-color-of-paradise/,2
The Confined,1993,/film/the-confined/,2
The Crucible,1996,/film/the-crucible/,2
The Last Dance,1993,/film/the-last-dance/,2
The Life of Jesus,1997,/film/the-life-of-jesus/,2
The Little Gangster,1990,/film/the-little-gangster/,2
The Malady of Death,1994,/film/the-malady-of-death-1994/,2
The Miracle of P. Tinto,1998,/film/the-miracle-of-p-tinto/,2
The Mirror,1997,/film/the-mirror/,2
The Parent Trap,1998,/film/the-parent-trap-1998/,2
The Pear Tree,1998,/film/the-pear-tree/,2
The Quiet Family,1998,/film/the-quiet-family/,2
The Story of Qiu Ju,1992,/film/the-story-of-qiu-ju/,2
The Stranger,1991,/film/the-stranger-1991/,2
Titus,1999,/film/titus/,2
Tsugumi,1990,/film/tsugumi/,2
Twilight,1990,/film/twilight-1990/,2
Twin Dragons,1992,/film/twin-dragons/,2
"What The Water Said, Nos. 1-3",1998,/film/what-the-water-said-nos-1-3/,2
What's Eating Gilbert Grape,1993,/film/whats-eating-gilbert-grape/,2
Wild Reeds,1994,/film/wild-reeds/,2
Wittgenstein,1993,/film/wittgenstein/,2
Yggdrasill: Whose Roots Are Stars in the Human Mind,1997,/film/yggdrasill-whose-roots-are-stars-in-the-human-mind/,2
A Body in the Woods,1996,/film/a-body-in-the-woods/,1
A Woman's Tale,1991,/film/a-womans-tale/,1
Accelerated Under-Development: In the Idiom of Santiago Alvarez,1999,/film/accelerated-under-development-in-the-idiom-of-santiago-alvarez/,1
Albert Savarus,1993,/film/albert-savarus/,1
All You Can Eat,1993,/film/all-you-can-eat-1993/,1
Amateur,1994,/film/amateur/,1
American Movie,1999,/film/american-movie/,1
As Good as It Gets,1997,/film/as-good-as-it-gets/,1
"Ay, Carmela!",1990,/film/ay-carmela/,1
Basara: The Princess Goh,1992,/film/basara-the-princess-goh/,1
Batman: Mask of the Phantasm,1993,/film/batman-mask-of-the-phantasm/,1
Betty,1992,/film/betty/,1
Black Is… Black Ain’t,1994,/film/black-is-black-aint/,1
Boyz n the Hood,1991,/film/boyz-n-the-hood/,1
Braindead,1992,/film/braindead-1992/,1
"Brigands, Chapter VII",1996,/film/brigands-chapter-vii/,1
By the River Nowhere,1991,/film/by-the-river-nowhere/,1
Career Girls,1997,/film/career-girls/,1
Charisma,1999,/film/charisma/,1
City of God,2002,/film/city-of-god/,1
Cosy Dens,1999,/film/cosy-dens/,1
Crayon Shin-chan: Pursuit of the Balls of Darkness,1997,/film/crayon-shin-chan-pursuit-of-the-balls-of-darkness/,1
Crocodile,1996,/film/crocodile/,1
Deep Crimson,1996,/film/deep-crimson/,1
Delicatessen,1991,/film/delicatessen/,1
Dirty Work,1998,/film/dirty-work-1998/,1
Doctor Mack,1995,/film/doctor-mack/,1
Dumb and Dumber,1994,/film/dumb-and-dumber/,1
Dust of Angels,1992,/film/dust-of-angels/,1
Echoes from a Sombre Empire,1990,/film/echoes-from-a-sombre-empire/,1
Elementary Phrases,1994,/film/elementary-phrases/,1
Epiphany Sunday,1991,/film/epiphany-sunday/,1
Ever After,1998,/film/ever-after-1998/,1
Everyone Says I Love You,1996,/film/everyone-says-i-love-you/,1
Fantasia 2000,1999,/film/fantasia-2000/,1
Fear and Loathing in Las Vegas,1998,/film/fear-and-loathing-in-las-vegas/,1
Final Destination,2000,/film/final-destination/,1
Finding Christa,1991,/film/finding-christa/,1
Following,1998,/film/following/,1
Foreign Land,1995,/film/foreign-land/,1
Fresh,1994,/film/fresh/,1
Fried Green Tomatoes,1991,/film/fried-green-tomatoes/,1
Garden Pieces,1998,/film/garden-pieces/,1
Get Real,1998,/film/get-real/,1
Ghostwatch,1992,/film/ghostwatch/,1
Gilles Deleuze from A to Z,1996,/film/gilles-deleuze-from-a-to-z-1996/,1
Go,1999,/film/go/,1
Godzilla vs. Destoroyah,1995,/film/godzilla-vs-destoroyah/,1
Hamlet,1996,/film/hamlet-1996/,1
He Got Game,1998,/film/he-got-game/,1
Heaven Rises,1991,/film/heaven-rises/,1
Heavenly Creatures,1994,/film/heavenly-creatures/,1
Hercules,1997,/film/hercules-1997/,1
Homicide,1991,/film/homicide-1991/,1
House,1998,/film/house-1998/,1
Imprint,1997,/film/imprint-1997/,1
Inca de Oro,1996,/film/inca-de-oro/,1
Interview with the Vampire,1994,/film/interview-with-the-vampire/,1
It,1990,/film/it-1990/,1
Jellyfish Sandwich,1994,/film/jellyfish-sandwich/,1
Kasba,1991,/film/kasba/,1
Kicking and Screaming,1995,/film/kicking-and-screaming/,1
Kids Return,1996,/film/kids-return/,1
Kiss of Death,1995,/film/kiss-of-death-1995/,1
Knock Off,1998,/film/knock-off/,1
Kolya,1996,/film/kolya/,1
La Promesse,1996,/film/la-promesse/,1
Letters from Alou,1990,/film/letters-from-alou/,1
Liar Liar,1997,/film/liar-liar/,1
Lisbon Story,1994,/film/lisbon-story/,1
Live Flesh,1997,/film/live-flesh/,1
Living on the River Agano,1992,/film/living-on-the-river-agano/,1
Lodz Symphony,1993,/film/lodz-symphony/,1
London,1994,/film/london-1994/,1
Making of 'Dreams',1990,/film/making-of-dreams/,1
Marius and Jeannette,1997,/film/marius-and-jeannette/,1
Mary Shelley's Frankenstein,1994,/film/mary-shelleys-frankenstein/,1
Mary from Beijing,1992,/film/mary-from-beijing/,1
Melons (At A Loss),1998,/film/melons-at-a-loss/,1
Memento Mori,1999,/film/memento-mori-1999/,1
Menace II Society,1993,/film/menace-ii-society/,1
Motel Cactus,1997,/film/motel-cactus/,1
Mother,1996,/film/mother-1996/,1
Motorcycle Gang,1994,/film/motorcycle-gang/,1
Moving In,1993,/film/moving-in-1993/,1
Moxon’s Mechanick Exercises or the Doctrine of Handy-Works Applied to the Art of Printing,1999,/film/moxons-mechanick-exercises-or-the-doctrine-of-handy-works-applied-to-the-art-of-printing/,1
Muppets from Space,1999,/film/muppets-from-space/,1
Murmur of Youth,1997,/film/murmur-of-youth/,1
My Neighbors the Yamadas,1999,/film/my-neighbors-the-yamadas/,1
NEKO-MIMI,1993,/film/neko-mimi/,1
Night Falls on Manhattan,1996,/film/night-falls-on-manhattan/,1
Ninja Scroll,1993,/film/ninja-scroll/,1
Nirvana,1997,/film/nirvana/,1
Notting Hill,1999,/film/notting-hill/,1
O Vigilante,1992,/film/o-vigilante/,1
Of Mice and Men,1992,/film/of-mice-and-men-1992/,1
On Earth as It Is in Heaven,1995,/film/on-earth-as-it-is-in-heaven/,1
Pola X,1999,/film/pola-x/,1
Pretty Woman,1990,/film/pretty-woman/,1
Queen Margot,1994,/film/queen-margot-1994/,1
Reality Bites,1994,/film/reality-bites/,1
Road Movie or What I Learned in a Buick Station Wagon,1991,/film/road-movie-or-what-i-learned-in-a-buick-station/,1
Romance,1999,/film/romance-1999/,1
Rough Riders,1997,/film/rough-riders/,1
Secrets of the Heart,1997,/film/secrets-of-the-heart/,1
Sitcom,1998,/film/sitcom/,1
Sopyonje,1993,/film/sopyonje/,1
Splendor,1999,/film/splendor-1999/,1
Summer of Love,1994,/film/summer-of-love/,1
Tank Girl,1995,/film/tank-girl/,1
"The Adventures of Priscilla, Queen of the Desert",1994,/film/the-adventures-of-priscilla-queen-of-the-desert/,1
The Bird People in China,1998,/film/the-bird-people-in-china/,1
The Bird of Happiness,1993,/film/the-bird-of-happiness/,1
The Birth of Love,1993,/film/the-birth-of-love/,1
The Decline of Western Civilization Part III,1998,/film/the-decline-of-western-civilization-part-iii/,1
The Faculty,1998,/film/the-faculty/,1
The Idiots,1998,/film/the-idiots/,1
The Last Boy Scout,1991,/film/the-last-boy-scout/,1
The Last Days of Chez Nous,1992,/film/the-last-days-of-chez-nous/,1
The Last of the Mohicans,1992,/film/the-last-of-the-mohicans-1992/,1
The Legend of the Swordsman,1992,/film/the-legend-of-the-swordsman/,1
The Mandarin,1995,/film/the-mandarin-1995/,1
The Mummy,1999,/film/the-mummy-1999/,1
The Nantes Triptych,1992,/film/the-nantes-triptych/,1
The Sect,1991,/film/the-sect/,1
The Sheltering Sky,1990,/film/the-sheltering-sky/,1
The Spiral,1998,/film/the-spiral-1998/,1
Three Days,1991,/film/three-days-1991/,1
Three Days in Greece,1991,/film/three-days-in-greece/,1
Timeless Bottomless Bad Movie,1997,/film/timeless-bottomless-bad-movie/,1
Treasure of the Bitch Islands,1990,/film/treasure-of-the-bitch-islands/,1
Tromeo & Juliet,1996,/film/tromeo-juliet/,1
"Wax, or The Discovery of Television Among the Bees",1991,/film/wax-or-the-discovery-of-television-among-the-bees/,1
Welcome Home,1995,/film/welcome-home-1995/,1
Yumeji,1991,/film/yumeji/,1
removed,1999,/film/removed/,1
