Title,Year,url_peli,Review,tmdb_type,tmdb_id,nviews
Eyes Wide Shut,1999,/film/eyes-wide-shut/,282,movie,345,1197193
Lost Highway,1997,/film/lost-highway/,263,movie,638,414479
Crash,1996,/film/crash/,217,movie,884,253174
Heat,1995,/film/heat-1995/,206,movie,949,980291
A Brighter Summer Day,1991,/film/a-brighter-summer-day/,206,movie,15804,84189
La Belle Noiseuse,1991,/film/la-belle-noiseuse/,202,movie,12627,24955
Cure,1997,/film/cure/,169,movie,36095,257105
Twin Peaks: Fire Walk with Me,1992,/film/twin-peaks-fire-walk-with-me/,166,movie,1923,420760
Chungking Express,1994,/film/chungking-express/,165,movie,11104,714815
Carlito's Way,1993,/film/carlitos-way/,163,movie,6075,202705
New Rose Hotel,1998,/film/new-rose-hotel/,161,movie,21430,25667
The Bridges of Madison County,1995,/film/the-bridges-of-madison-county/,160,movie,688,127285
Dream of Light,1992,/film/dream-of-light/,150,movie,94706,6517
Beau Travail,1999,/film/beau-travail/,148,movie,14626,138294
Abraham's Valley,1993,/film/abrahams-valley/,136,movie,107693,4620
Princess Mononoke,1997,/film/princess-mononoke/,135,movie,128,1685773
Pulp Fiction,1994,/film/pulp-fiction/,132,movie,680,4417558
Satantango,1994,/film/satantango/,131,movie,31414,46538
Taste of Cherry,1997,/film/taste-of-cherry/,115,movie,30020,189409
Close-Up,1990,/film/close-up/,106,movie,30017,145482
Céline,1992,/film/film:96932/,104,movie,123348,6619
GoodFellas,1990,/film/goodfellas/,91,movie,769,2095559
Unforgiven,1992,/film/unforgiven/,91,movie,33,342268
Drifting Clouds,1996,/film/drifting-clouds-1996/,90,movie,8214,22078
The Sound of the Shaking Earth,1990,/film/the-sound-of-the-shaking-earth/,89,movie,438972,925
All About My Mother,1999,/film/all-about-my-mother/,87,movie,99,297701
Strange Days,1995,/film/strange-days/,84,movie,281,100872
Voices Through Time,1996,/film/voices-through-time/,83,movie,202253,3995
The Blackout,1997,/film/the-blackout/,82,movie,25690,6204
The Straight Story,1999,/film/the-straight-story/,81,movie,404,162419
Showgirls,1995,/film/showgirls/,80,movie,10802,210562
Caro diario,1993,/film/caro-diario/,80,movie,25403,32091
A Summer's Tale,1996,/film/a-summers-tale/,80,movie,37563,79992
Eternity and a Day,1998,/film/eternity-and-a-day/,80,movie,24858,50181
Portrait of a Young Girl at the End of the 60s in Brussels,1994,/film/portrait-of-a-young-girl-at-the-end-of-the-60s-in-brussels/,79,movie,124485,12349
Antigone,1992,/film/antigone-1992/,79,movie,208200,4616
Perfect Blue,1997,/film/perfect-blue/,78,movie,10494,1022684
Nouvelle Vague,1990,/film/nouvelle-vague/,78,movie,32691,4303
The Matrix,1999,/film/the-matrix/,73,movie,603,3300735
A Tale of Winter,1992,/film/a-tale-of-winter/,73,movie,10241,27497
"Up, Down, Fragile",1995,/film/up-down-fragile/,72,movie,65040,3205
The Double Life of Véronique,1991,/film/the-double-life-of-veronique/,69,movie,1600,158283
"Hail, Sarajevo",1993,/film/hail-sarajevo/,68,movie,174473,19420
Irma Vep,1996,/film/irma-vep/,64,movie,25355,82513
"Life, and Nothing More…",1992,/film/life-and-nothing-more/,64,movie,83761,42823
Wild at Heart,1990,/film/wild-at-heart/,63,movie,483,283978
U.S. Go Home,1994,/film/us-go-home/,61,movie,124491,11400
Train of Shadows,1997,/film/train-of-shadows/,61,movie,32934,2407
In the Mouth of Madness,1994,/film/in-the-mouth-of-madness/,59,movie,2654,181899
Porco Rosso,1992,/film/porco-rosso/,59,movie,11621,541447
The Thin Red Line,1998,/film/the-thin-red-line/,57,movie,8741,256620
The Lovers on the Bridge,1991,/film/the-lovers-on-the-bridge/,57,movie,2767,54032
Three Colours: Red,1994,/film/three-colours-red/,57,movie,110,224423
Raise the Red Lantern,1991,/film/raise-the-red-lantern/,54,movie,10404,61171
Lou Didn’t Say No,1994,/film/lou-didnt-say-no/,54,movie,447213,264
Three Colours: Blue,1993,/film/three-colours-blue/,54,movie,108,296783
Underground,1995,/film/underground-1995/,54,movie,11902,46679
Fargo,1996,/film/fargo/,53,movie,275,1415084
The Match Factory Girl,1990,/film/the-match-factory-girl/,53,movie,7974,41365
Ed Wood,1994,/film/ed-wood/,53,movie,522,227773
The Silence of the Lambs,1991,/film/the-silence-of-the-lambs/,53,movie,274,3075408
Before Sunrise,1995,/film/before-sunrise/,52,movie,76,1344343
Magnolia,1999,/film/magnolia/,52,movie,334,576682
A Tale of Autumn,1998,/film/a-tale-of-autumn/,52,movie,10239,21384
The Long Day Closes,1992,/film/the-long-day-closes/,51,movie,49956,20629
I Hired a Contract Killer,1990,/film/i-hired-a-contract-killer/,51,movie,7975,22429
Ulysses' Gaze,1995,/film/ulysses-gaze/,51,movie,22549,13326
Vive L'Amour,1994,/film/vive-lamour/,50,movie,11985,31714
Sicily!,1999,/film/sicily/,49,movie,104871,7771
Snake Eyes,1998,/film/snake-eyes/,49,movie,8688,106365
Happy Together,1997,/film/happy-together-1997/,48,movie,18329,247970
A Moment of Innocence,1996,/film/a-moment-of-innocence/,46,movie,43976,26248
Van Gogh,1991,/film/van-gogh/,46,movie,4734,8616
Titanic,1997,/film/titanic-1997/,46,movie,597,3757679
August in the Water,1995,/film/august-in-the-water/,46,movie,104268,17269
Through the Olive Trees,1994,/film/through-the-olive-trees/,43,movie,47104,44264
Barton Fink,1991,/film/barton-fink/,41,movie,290,214869
The Big Lebowski,1998,/film/the-big-lebowski/,41,movie,115,1511634
Only Yesterday,1991,/film/only-yesterday/,41,movie,15080,190534
King of New York,1990,/film/king-of-new-york/,40,movie,9558,99748
eXistenZ,1999,/film/existenz/,40,movie,1946,156081
Neon Genesis Evangelion: The End of Evangelion,1997,/film/neon-genesis-evangelion-the-end-of-evangelion/,39,movie,18491,539234
Funny Games,1997,/film/funny-games/,39,movie,10234,366588
The Age of Innocence,1993,/film/the-age-of-innocence/,39,movie,10436,166925
La Ceremonie,1995,/film/la-ceremonie/,38,movie,1802,51268
Green Snake,1993,/film/green-snake/,38,movie,39915,12685
La Haine,1995,/film/la-haine/,38,movie,406,865680
The Hole,1998,/film/the-hole/,38,movie,47060,22044
Se7en,1995,/film/se7en/,38,movie,807,3291930
Rebels of the Neon God,1992,/film/rebels-of-the-neon-god/,37,movie,57564,44170
The Virgin Suicides,1999,/film/the-virgin-suicides/,36,movie,1443,1179389
Whisper of the Heart,1995,/film/whisper-of-the-heart/,36,movie,37797,468877
Variations,1998,/film/variations-1998/,35,movie,416851,2237
Scream,1996,/film/scream/,35,movie,4232,2175879
The Last Days of Disco,1998,/film/the-last-days-of-disco/,35,movie,16980,44952
The Stendhal Syndrome,1996,/film/the-stendhal-syndrome/,34,movie,39434,17016
The Flower of My Secret,1995,/film/the-flower-of-my-secret/,34,movie,4307,29540
A Perfect World,1993,/film/a-perfect-world/,34,movie,9559,63291
The Last Dive,1992,/film/the-last-dive/,33,movie,83226,2239
"The Tree, the Mayor and the Mediatheque",1993,/film/the-tree-the-mayor-and-the-mediatheque/,33,movie,134463,5705
Boogie Nights,1997,/film/boogie-nights/,32,movie,4995,656485
Starship Troopers,1997,/film/starship-troopers/,31,movie,563,405785
The Enclosed Valley,1995,/film/the-enclosed-valley/,31,movie,182641,1194
The Lion King,1994,/film/the-lion-king/,31,movie,8587,3026138
Mahjong,1996,/film/mahjong/,31,movie,54421,9104
The Annunciation of Marie,1991,/film/the-annunciation-of-marie/,30,movie,355429,452
Fireworks,1997,/film/fireworks-1997/,30,movie,5910,79436
Blue Black Permanent,1992,/film/blue-black-permanent/,29,movie,127633,1254
Outer Space,1999,/film/outer-space/,29,movie,110650,35707
Amsterdam Global Village,1996,/film/amsterdam-global-village/,29,movie,193150,436
The Addiction,1995,/film/the-addiction/,28,movie,34996,42356
God's Comedy,1995,/film/gods-comedy/,28,movie,49974,3470
Reservoir Dogs,1992,/film/reservoir-dogs/,28,movie,500,1806099
Casino,1995,/film/casino/,28,movie,524,743483
La Vie de Bohème,1992,/film/la-vie-de-boheme/,28,movie,28212,14152
Trainspotting,1996,/film/trainspotting/,27,movie,627,1355961
Ghost in the Shell,1995,/film/ghost-in-the-shell/,27,movie,9323,471223
Exotica,1994,/film/exotica/,27,movie,20156,38512
Fallen Angels,1995,/film/fallen-angels/,27,movie,11220,634356
The Sixth Sense,1999,/film/the-sixth-sense/,26,movie,745,1540149
Kikujiro,1999,/film/kikujiro/,26,movie,4291,38228
Workers Leaving the Factory,1995,/film/workers-leaving-the-factory/,26,movie,239395,2383
A Child’s Garden and the Serious Sea,1991,/film/a-childs-garden-and-the-serious-sea/,26,movie,205187,1250
My Best Friend's Wedding,1997,/film/my-best-friends-wedding/,26,movie,8874,405107
Moving,1993,/film/moving-1993/,25,movie,115784,11769
Contact,1997,/film/contact/,25,movie,686,277070
The Mission,1999,/film/the-mission-1999/,24,movie,45871,11731
Night on Earth,1991,/film/night-on-earth/,24,movie,339,147980
Smoke,1995,/film/smoke/,24,movie,10149,26338
"No, or the Vain Glory of Command",1990,/film/no-or-the-vain-glory-of-command/,24,movie,103417,2091
Toy Story,1995,/film/toy-story/,24,movie,862,3402024
Naked Lunch,1991,/film/naked-lunch/,24,movie,2742,130061
The Celebration,1998,/film/the-celebration/,23,movie,309,145033
Casa de Lava,1994,/film/casa-de-lava/,23,movie,126376,5700
Silvia Prieto,1999,/film/silvia-prieto/,23,movie,49984,29406
Travolta and Me,1993,/film/travolta-and-me/,23,movie,280233,1984
Edward Scissorhands,1990,/film/edward-scissorhands/,23,movie,162,2070531
Groundhog Day,1993,/film/groundhog-day/,23,movie,137,1206776
"Oh, Woe Is Me",1993,/film/oh-woe-is-me/,23,movie,52713,4249
The Wind of the Night,1999,/film/the-wind-of-the-night/,23,movie,79435,1271
You've Got Mail,1998,/film/youve-got-mail/,22,movie,9489,468949
The Mirage,1992,/film/the-mirage-1992/,22,movie,258995,414
Dreams,1990,/film/dreams/,22,movie,12516,103170
Nowhere,1997,/film/nowhere/,22,movie,1811,102268
Basic Instinct,1992,/film/basic-instinct/,22,movie,402,352959
Buffalo '66,1998,/film/buffalo-66/,22,movie,9464,339807
"Comrades, Almost a Love Story",1996,/film/comrades-almost-a-love-story/,22,movie,37185,30172
The Nightmare Before Christmas,1993,/film/the-nightmare-before-christmas/,22,movie,9479,2316506
Manhattan Murder Mystery,1993,/film/manhattan-murder-mystery/,22,movie,10440,70979
Paris Is Burning,1990,/film/paris-is-burning/,22,movie,31225,235543
I Can No Longer Hear the Guitar,1991,/film/i-can-no-longer-hear-the-guitar/,21,movie,65943,2369
Safe,1995,/film/safe/,21,movie,32646,99863
Voyage to the Beginning of the World,1997,/film/voyage-to-the-beginning-of-the-world/,21,movie,108548,1684
Side/Walk/Shuttle,1992,/film/side-walk-shuttle/,21,movie,141685,1138
The Sunchaser,1996,/film/the-sunchaser/,21,movie,38191,5614
Flowers of Shanghai,1998,/film/flowers-of-shanghai/,20,movie,45935,18508
From the East,1993,/film/from-the-east/,20,movie,104739,7071
Mother and Son,1997,/film/mother-and-son/,20,movie,44361,9519
Terminator 2: Judgment Day,1991,/film/terminator-2-judgment-day/,20,movie,280,1183245
The Company of Strangers,1990,/film/the-company-of-strangers/,20,movie,123778,7448
Hard Boiled,1992,/film/hard-boiled/,19,movie,11782,103010
Jackie Brown,1997,/film/jackie-brown/,19,movie,184,697316
Clueless,1995,/film/clueless/,19,movie,9603,2153108
Happiness,1998,/film/happiness/,19,movie,10683,132437
Videograms of a Revolution,1992,/film/videograms-of-a-revolution/,19,movie,185476,2738
The Godfather Part III,1990,/film/the-godfather-part-iii/,19,movie,242,531385
Gremlins 2: The New Batch,1990,/film/gremlins-2-the-new-batch/,19,movie,928,241075
Naked,1993,/film/naked/,19,movie,21450,137985
Triste,1996,/film/triste/,19,movie,367234,415
Visions in Meditation,1990,/film/visions-in-meditation/,19,movie,942048,521
Days of Being Wild,1990,/film/ah-fei-jing-juen/,19,movie,18311,105438
Trust,1990,/film/trust/,19,movie,37291,25374
American Beauty,1999,/film/american-beauty/,18,movie,14,1523416
Audition,1999,/film/audition/,18,movie,11075,293237
Face/Off,1997,/film/face-off/,18,movie,754,422873
Short Cuts,1993,/film/short-cuts/,18,movie,695,59796
Angel Dust,1994,/film/angel-dust/,18,movie,34048,12784
Sink or Swim,1990,/film/sink-or-swim/,18,movie,123777,4697
The Piano,1993,/film/the-piano/,18,movie,713,167804
The Blair Witch Project,1999,/film/the-blair-witch-project/,17,movie,2667,1079447
M/Other,1999,/film/m-other/,17,movie,49939,861
Bound,1996,/film/bound/,17,movie,9303,182122
JLG/JLG: Self-Portrait in December,1994,/film/jlg-jlg-self-portrait-in-december/,17,movie,104931,2666
Blue,1993,/film/blue-1993/,17,movie,94794,24251
Schindler's List,1993,/film/schindlers-list/,17,movie,424,1629453
Song of Avignon,1998,/film/song-of-avignon/,16,movie,280105,13660
Light Sleeper,1992,/film/light-sleeper/,16,movie,36351,43762
Star Wars: Episode I – The Phantom Menace,1999,/film/star-wars-episode-i-the-phantom-menace/,16,movie,1893,2185542
"White Hunter, Black Heart",1990,/film/white-hunter-black-heart/,16,movie,28761,12256
A Heart in Winter,1992,/film/a-heart-in-winter/,16,movie,48150,10015
A Place in the World,1992,/film/a-place-in-the-world/,16,movie,32635,4131
Europa,1991,/film/europa/,16,movie,9065,35231
The Last Bolshevik,1993,/film/the-last-bolshevik/,16,movie,98498,2126
Love on Delivery,1994,/film/love-on-delivery/,16,movie,53163,9456
The Road Home,1999,/film/the-road-home/,16,movie,12276,9156
Dazed and Confused,1993,/film/dazed-and-confused/,15,movie,9571,658365
"Goodbye South, Goodbye",1996,/film/goodbye-south-goodbye/,15,movie,88811,6210
Jamon Jamon,1992,/film/jamon-jamon/,15,movie,4507,36000
Metropolitan,1990,/film/metropolitan/,15,movie,15389,50794
Secrets & Lies,1996,/film/secrets-lies/,15,movie,11159,72726
Bram Stoker's Dracula,1992,/film/bram-stokers-dracula/,15,movie,6114,558560
Husbands and Wives,1992,/film/husbands-and-wives/,15,movie,28384,43690
Jacquot de Nantes,1991,/film/jacquot-de-nantes/,15,movie,41789,10463
Jurassic Park,1993,/film/jurassic-park/,15,movie,329,2818171
Point Break,1991,/film/point-break/,15,movie,1089,432917
Revolutionary Girl Utena,1997,/film/revolutionary-girl-utena/,15,tv,1042,13407
Gattaca,1997,/film/gattaca/,14,movie,782,458156
Ghost Dog: The Way of the Samurai,1999,/film/ghost-dog-the-way-of-the-samurai/,14,movie,4816,151223
The Iron Giant,1999,/film/the-iron-giant/,14,movie,10386,920001
But I'm a Cheerleader,1999,/film/but-im-a-cheerleader/,14,movie,20770,741914
Deep Cover,1992,/film/deep-cover/,14,movie,20676,47742
The Shawshank Redemption,1994,/film/the-shawshank-redemption/,14,movie,278,2751741
Katatsumori,1994,/film/katatsumori/,14,movie,162437,6621
The Wind Will Carry Us,1999,/film/the-wind-will-carry-us/,14,movie,43423,39206
All the Vermeers in New York,1990,/film/all-the-vermeers-in-new-york/,14,movie,123757,5282
Central Station,1998,/film/central-station/,14,movie,666,192955
Dead Man,1995,/film/dead-man/,13,movie,922,152960
Rosetta,1999,/film/rosetta/,13,movie,11489,39435
For Ever Mozart,1996,/film/for-ever-mozart/,13,movie,111367,3538
In the Name of the Father,1993,/film/in-the-name-of-the-father-1993/,13,movie,7984,119727
Secret Defense,1998,/film/secret-defense/,13,movie,49559,1973
Show Me Love,1998,/film/show-me-love/,13,movie,11634,71197
Thelma & Louise,1991,/film/thelma-louise/,13,movie,1541,573188
New York Film Diary,1995,/film/new-york-film-diary/,13,movie,475394,365
Night and Day,1991,/film/night-and-day-1991/,13,movie,108822,1763
The North Calotte,1991,/film/the-north-calotte/,13,movie,463344,245
"Black Cat, White Cat",1998,/film/black-cat-white-cat/,13,movie,1075,35111
Comingled Containers,1996,/film/comingled-containers/,13,movie,126216,7636
Humanité,1999,/film/humanite/,13,movie,65296,10388
L.A. Confidential,1997,/film/la-confidential/,13,movie,2118,473084
Siddheshwari,1990,/film/siddheshwari/,13,movie,128772,493
Velvet Goldmine,1998,/film/velvet-goldmine/,13,movie,1808,105037
To Live,1994,/film/to-live/,12,movie,31439,26856
Bad Lieutenant,1992,/film/bad-lieutenant/,12,movie,12143,89531
Miller's Crossing,1990,/film/millers-crossing/,12,movie,379,169162
The Passengers,1999,/film/the-passengers/,12,movie,171172,395
Anxiety,1998,/film/anxiety/,12,movie,110214,771
Breaking the Waves,1996,/film/breaking-the-waves/,12,movie,145,99751
Labyrinth of Dreams,1997,/film/labyrinth-of-dreams/,12,movie,76760,6263
Lessons of Darkness,1992,/film/lessons-of-darkness/,12,movie,53200,27671
Rules of the Road,1993,/film/rules-of-the-road/,12,movie,189877,643
The Watermelon Woman,1996,/film/the-watermelon-woman/,12,movie,44479,88127
The Mammals of Victoria,1994,/film/the-mammals-of-victoria/,12,movie,164604,1257
The River,1997,/film/the-river-1997/,12,movie,54291,13950
Pickpocket,1997,/film/pickpocket-1997/,11,movie,52103,14189
The Insider,1999,/film/the-insider/,11,movie,9008,145781
Level Five,1997,/film/level-five/,11,movie,57563,4417
Ossos,1997,/film/ossos/,11,movie,55700,8240
Rushmore,1998,/film/rushmore/,11,movie,11545,571749
The Wedding Banquet,1993,/film/the-wedding-banquet/,11,movie,9261,26769
Torment,1994,/film/torment-1994/,11,movie,17961,18518
10 Things I Hate About You,1999,/film/10-things-i-hate-about-you/,11,movie,4951,3412221
A Tale of Springtime,1990,/film/a-tale-of-springtime/,11,movie,28213,27003
Barrio,1998,/film/barrio/,11,movie,32118,4341
Brother,1997,/film/brother-1997/,11,movie,20992,41539
Butterfly,1999,/film/butterfly-1999/,11,movie,31023,24637
Pachamama: Our Land,1995,/film/pachamama-our-land/,11,movie,232525,232
The Doom Generation,1995,/film/the-doom-generation/,11,movie,13552,101936
The Remains of the Day,1993,/film/the-remains-of-the-day/,11,movie,1245,90864
Barbara,1997,/film/barbara-1997/,11,movie,155714,340
High Heels,1991,/film/high-heels/,11,movie,8222,55691
Suzaku,1997,/film/suzaku/,11,movie,36895,5063
The Son Of...,1995,/film/the-son-of/,11,movie,47119,1969
The Suspended Step of the Stork,1991,/film/the-suspended-step-of-the-stork/,11,movie,47432,5814
Barren Illusion,1999,/film/barren-illusion/,11,movie,103953,1738
Short Fuse,1991,/film/short-fuse/,11,movie,282722,183
Running Out of Time,1999,/film/running-out-of-time/,10,movie,2463,6777
The Ambulance,1990,/film/the-ambulance/,10,movie,79509,7360
Tokyo Fist,1995,/film/tokyo-fist/,10,movie,41577,22345
We're All Still Here,1997,/film/were-all-still-here/,10,movie,352249,261
Babel: A Letter to My Friends Left Behind in Belgium,1991,/film/babel-a-letter-to-my-friends-left-behind-in-belgium/,10,movie,346001,196
Before the Rain,1994,/film/before-the-rain/,10,movie,19155,10344
Falling Lessons,1992,/film/falling-lessons/,10,movie,363131,284
Farewell My Concubine,1993,/film/farewell-my-concubine/,10,movie,10997,67782
Hoop Dreams,1994,/film/hoop-dreams/,10,movie,14275,72113
Lovers of the Arctic Circle,1998,/film/lovers-of-the-arctic-circle/,10,movie,1414,20674
Mission: Impossible,1996,/film/mission-impossible/,10,movie,954,910621
My Sex Life... or How I Got Into an Argument,1996,/film/my-sex-life-or-how-i-got-into-an-argument/,10,movie,83994,4170
Peppermint Candy,1999,/film/peppermint-candy/,10,movie,41245,30620
River of Gold,1998,/film/river-of-gold/,10,movie,125318,368
Untitled (For Marilyn),1992,/film/untitled-for-marilyn/,10,movie,126202,3874
Wonderland,1999,/film/wonderland/,10,movie,32640,2831
Buena Vista Social Club,1999,/film/buena-vista-social-club/,10,movie,11779,43819
Household Saints,1993,/film/household-saints/,10,movie,119907,1994
Love Letter,1995,/film/love-letter/,10,movie,47002,36860
Pleasantville,1998,/film/pleasantville/,10,movie,2657,205588
Strawberry and Chocolate,1993,/film/strawberry-and-chocolate/,10,movie,12527,8329
JFK,1991,/film/jfk/,9,movie,820,174755
Event Horizon,1997,/film/event-horizon/,9,movie,8413,255824
The Exorcist III,1990,/film/the-exorcist-iii/,9,movie,11587,111965
Being John Malkovich,1999,/film/being-john-malkovich/,9,movie,492,656100
Hyenas,1992,/film/hyenas-1992/,9,movie,124085,7284
Instrument,1999,/film/instrument-1999/,9,movie,34380,6372
The Grandfather,1998,/film/the-grandfather/,9,movie,69851,1362
The Truman Show,1998,/film/the-truman-show/,9,movie,37165,4420949
Gummo,1997,/film/gummo/,9,movie,18415,193197
Muriel's Wedding,1994,/film/muriels-wedding/,9,movie,236,102808
Orlando,1992,/film/orlando/,9,movie,9300,72558
Romeo + Juliet,1996,/film/romeo-juliet-1996/,9,movie,454,980029
Sombre,1998,/film/sombre/,9,movie,56653,6621
Song of the Exile,1990,/film/song-of-the-exile/,9,movie,41822,2432
Taboo,1999,/film/taboo-1999/,9,movie,20617,10486
The Scent of Green Papaya,1993,/film/the-scent-of-green-papaya/,9,movie,19552,25083
True Romance,1993,/film/true-romance/,9,movie,319,324427
Vampires,1998,/film/vampires/,9,movie,9945,76693
Apologies,1990,/film/apologies/,9,movie,471818,1304
Little Odessa,1994,/film/little-odessa/,9,movie,47504,18698
Love & Pop,1998,/film/love-pop/,9,movie,70846,31117
The Man in the Moon,1991,/film/the-man-in-the-moon/,8,movie,17474,37674
My Own Private Idaho,1991,/film/my-own-private-idaho/,8,movie,468,281652
Bringing Out the Dead,1999,/film/bringing-out-the-dead/,8,movie,8649,126699
Captain Conan,1996,/film/captain-conan/,8,movie,46334,2146
Deseret,1996,/film/deseret/,8,movie,97046,1916
Hide and Seek,1996,/film/film:80033/,8,movie,97119,1517
The Adjuster,1991,/film/the-adjuster/,8,movie,41796,6979
The Eel,1997,/film/the-eel/,8,movie,20506,7811
2/Duo,1997,/film/2-duo/,8,movie,146678,1974
A Confucian Confusion,1994,/film/a-confucian-confusion/,8,movie,54233,10233
Avetik,1992,/film/avetik/,8,movie,237422,740
Et Resurrectus Est,1994,/film/et-resurrectus-est/,8,movie,438195,427
I Can't Sleep,1994,/film/i-cant-sleep/,8,movie,64900,4660
Life/Expectancy,1999,/film/life-expectancy/,8,movie,383609,107
Made in Hong Kong,1997,/film/made-in-hong-kong/,8,movie,26005,20131
Mama,1990,/film/mama-1990/,8,movie,192825,243
Mary Jane's Not a Virgin Anymore,1996,/film/mary-janes-not-a-virgin-anymore/,8,movie,244007,5842
Tigerstreifenbaby wartet auf Tarzan,1998,/film/tigerstreifenbaby-wartet-auf-tarzan/,8,movie,172993,83
Ju Dou,1990,/film/ju-dou/,7,movie,41821,10384
After Life,1998,/film/after-life/,7,movie,17962,57581
Army of Darkness,1992,/film/army-of-darkness/,7,movie,766,365044
Thesis,1996,/film/thesis/,7,movie,9299,101922
Beautiful Girls,1996,/film/beautiful-girls/,7,movie,9283,21817
Embracing,1992,/film/embracing/,7,movie,162406,3285
20th Century Nostalgia,1997,/film/20th-century-nostalgia/,7,movie,396628,2272
Bärbel and Charly,1994,/film/barbel-and-charly/,7,movie,474428,551
Five-Year Diary,1997,/film/five-year-diary/,7,movie,240815,619
Forrest Gump,1994,/film/forrest-gump/,7,movie,13,4253735
Natural Born Killers,1994,/film/natural-born-killers/,7,movie,241,374777
Private Property (Public Domain),1991,/film/private-property-public-domain/,7,movie,500308,121
Raising Cain,1992,/film/raising-cain/,7,movie,13937,33104
Scenes from the Life of Andy Warhol: Friendships & Intersections,1990,/film/scenes-from-the-life-of-andy-warhol-friendships-intersections/,7,movie,227297,3579
The Beginning and the End,1993,/film/the-beginning-and-the-end/,7,movie,133757,524
The City of Lost Children,1995,/film/the-city-of-lost-children/,7,movie,902,73407
The Letter,1999,/film/the-letter-1999/,7,movie,105448,1049
Toy Story 2,1999,/film/toy-story-2/,7,movie,863,2396601
Until the End of the World,1991,/film/until-the-end-of-the-world/,7,movie,10341,19057
Welcome to the Dollhouse,1995,/film/welcome-to-the-dollhouse/,7,movie,11446,125934
Yokohama Kaidashi Kikou,1998,/film/yokohama-kaidashi-kikou-1998/,7,tv,79287,3570
Zero Patience,1993,/film/zero-patience/,7,movie,85118,1599
¡Que vivan los crotos!,1990,/film/que-vivan-los-crotos/,7,movie,379044,453
Lone Star,1996,/film/lone-star-1996/,6,movie,26748,36427
Twelve Monkeys,1995,/film/twelve-monkeys/,6,movie,63,573567
Chasing Amy,1997,/film/chasing-amy/,6,movie,2255,145470
Cradle Song,1994,/film/cradle-song-1994/,6,movie,189293,238
Killer,1998,/film/killer-1998/,6,movie,47099,608
Lady Lazarus,1992,/film/lady-lazarus/,6,movie,473587,630
The Neon Bible,1995,/film/the-neon-bible/,6,movie,39428,2892
Warsaw Bridge,1990,/film/warsaw-bridge/,6,movie,84028,1434
A Few Good Men,1992,/film/a-few-good-men/,6,movie,881,340348
American History X,1998,/film/american-history-x/,6,movie,73,945213
Bouquets 1-10,1995,/film/bouquets-1-10/,6,movie,246804,2071
Chronicle of a Disappearance,1996,/film/chronicle-of-a-disappearance/,6,movie,49104,3668
Dil Se..,1998,/film/dil-se/,6,movie,21210,23737
End,1992,/film/end-1992/,6,movie,200148,2743
Kamen Rider ZO,1993,/film/kamen-rider-zo/,6,movie,187922,3697
Monkeys Like Becky,1999,/film/monkeys-like-becky/,6,movie,32548,304
Nitrate Kisses,1992,/film/nitrate-kisses/,6,movie,162680,2945
Noises Off...,1992,/film/noises-off/,6,movie,26670,17835
Not One Less,1999,/film/not-one-less/,6,movie,36210,7109
Pom Poko,1994,/film/pom-poko/,6,movie,15283,157076
Ruby in Paradise,1993,/film/ruby-in-paradise/,6,movie,47889,2672
The Living End,1992,/film/the-living-end/,6,movie,33247,31913
What Happened Was...,1994,/film/what-happened-was/,6,movie,83718,13383
Hackers,1995,/film/hackers/,6,movie,10428,115162
Julien Donkey-Boy,1999,/film/julien-donkey-boy/,6,movie,42881,30625
Kabhi Haan Kabhi Naa,1994,/film/kabhi-haan-kabhi-naa/,6,movie,15419,5876
Maborosi,1995,/film/maborosi/,6,movie,18872,30820
Madadayo,1993,/film/madadayo/,6,movie,13889,8789
Neon Genesis Evangelion,1995,/film/neon-genesis-evangelion/,6,tv,890,320264
Palms,1994,/film/palms/,6,movie,118557,1272
Passage Through: A Ritual,1990,/film/passage-through-a-ritual/,6,movie,445082,178
Rodrigo D. No Future,1990,/film/rodrigo-d-no-future/,6,movie,177579,4487
The Prince of Homburg,1997,/film/the-prince-of-homburg/,6,movie,125355,388
To Be or Not to Be,1998,/film/to-be-or-not-to-be-1998/,6,movie,305385,432
Trasparenze,1998,/film/trasparenze/,6,movie,361514,128
What's Wrong With The World,1996,/film/whats-wrong-with-the-world/,6,movie,386004,1480
A Moment of Romance,1990,/film/a-moment-of-romance/,5,movie,81128,9893
Dangerous Game,1993,/film/dangerous-game/,5,movie,49299,8500
Man on the Moon,1999,/film/man-on-the-moon/,5,movie,1850,166717
Aprile,1998,/film/aprile/,5,movie,32117,12630
Bitter Moon,1992,/film/bitter-moon/,5,movie,10497,39512
Cape Fear,1991,/film/cape-fear-1991/,5,movie,1598,367331
Center Stage,1991,/film/center-stage-1991/,5,movie,68004,8871
Dances with Wolves,1990,/film/dances-with-wolves/,5,movie,581,221757
Election,1999,/film/election/,5,movie,9451,252283
"Faraway, So Close!",1993,/film/faraway-so-close/,5,movie,10434,11477
Fearless,1993,/film/fearless/,5,movie,10443,20757
Glaze of Cathexis,1990,/film/glaze-of-cathexis/,5,movie,104407,4430
Glengarry Glen Ross,1992,/film/glengarry-glen-ross/,5,movie,9504,165449
Goshogaoka,1998,/film/goshogaoka/,5,movie,122356,623
Haru,1996,/film/haru/,5,movie,261560,13409
Kids,1995,/film/kids/,5,movie,9344,269863
"Lock, Stock and Two Smoking Barrels",1998,/film/lock-stock-and-two-smoking-barrels/,5,movie,100,366667
Love at First Sight,1991,/film/love-at-first-sight-1991/,5,movie,196956,54
Léolo,1992,/film/leolo/,5,movie,11139,7178
Matinee,1993,/film/matinee/,5,movie,25389,34462
Rendezvous in Paris,1995,/film/rendezvous-in-paris-1995/,5,movie,77056,7953
Study of a River,1997,/film/study-of-a-river/,5,movie,148936,1243
The Act in Question,1993,/film/the-act-in-question/,5,movie,288151,1490
The Baby of Mâcon,1993,/film/the-baby-of-macon/,5,movie,5051,6947
The Dark Side of the Heart,1992,/film/the-dark-side-of-the-heart/,5,movie,74938,6745
The Hot Spot,1990,/film/the-hot-spot/,5,movie,14864,13253
The House,1997,/film/the-house/,5,movie,32712,2134
The Hudsucker Proxy,1994,/film/the-hudsucker-proxy/,5,movie,11934,107613
The Juniper Tree,1990,/film/the-juniper-tree/,5,movie,29460,18869
The Lovers,1994,/film/the-lovers-1994/,5,movie,70916,1623
The Old Man in the Cottage,1996,/film/the-old-man-in-the-cottage/,5,movie,153124,347
The Thing Called Love,1993,/film/the-thing-called-love/,5,movie,27804,13267
True Crime,1999,/film/true-crime-1999/,5,movie,10354,21131
"""Now I Am Yours""",1993,/film/now-i-am-yours/,5,movie,511757,84
American Buffalo,1996,/film/american-buffalo/,5,movie,31546,3181
Angela,1995,/film/angela/,5,movie,32622,1984
Archangel,1990,/film/archangel-1990/,5,movie,85559,4255
Away with Words,1999,/film/away-with-words/,5,movie,24403,1493
Balto,1995,/film/balto/,5,movie,21032,139906
Beautiful Thing,1996,/film/beautiful-thing/,5,movie,10938,25338
Blue Diary,1998,/film/blue-diary/,5,movie,405918,1903
Central Park,1990,/film/central-park-1990/,5,movie,71809,1972
Cowboy Bebop,1998,/film/cowboy-bebop/,5,tv,30991,270692
Cézanne: Conversation with Joachim Gasquet,1990,/film/cezanne-conversation-with-joachim-gasquet/,5,movie,208402,1025
Danzón,1991,/film/danzon/,5,movie,114090,2491
Dolores Claiborne,1995,/film/dolores-claiborne/,5,movie,11929,39803
Ek Ghar,1991,/film/ek-ghar/,5,movie,212049,287
Frankenhooker,1990,/film/frankenhooker/,5,movie,27274,74505
From Moscow to Pietushki,1990,/film/from-moscow-to-pietushki/,5,movie,282157,492
"Gatica, the Monkey",1993,/film/gatica-the-monkey/,5,movie,37061,2560
I Stand Alone,1998,/film/i-stand-alone/,5,movie,1567,54724
Labios de Churrasco,1994,/film/labios-de-churrasco/,5,movie,251884,241
Lawn Dogs,1997,/film/lawn-dogs/,5,movie,35796,5243
Love at Large,1990,/film/love-at-large/,5,movie,32035,1135
Martin (Hache),1997,/film/martin-hache/,5,movie,43429,9957
Philadelphia,1993,/film/philadelphia/,5,movie,9800,276347
Picnic,1996,/film/picnic-1996/,5,movie,40886,16635
Private Lives,1991,/film/private-lives-1991/,5,movie,719961,16
Rapid Fire,1996,/film/rapid-fire-1996/,5,movie,826378,1359
Reprise,1996,/film/reprise-1996/,5,movie,320300,102
Scream 2,1997,/film/scream-2/,5,movie,4233,870526
"Simon, the Magician",1999,/film/simon-the-magician/,5,movie,114885,676
Swallowtail Butterfly,1996,/film/swallowtail-butterfly/,5,movie,8426,8585
The Hours: A Square Film,1995,/film/the-hours-a-square-film/,5,movie,422121,174
The Limey,1999,/film/the-limey/,5,movie,10388,52985
The Talented Mr. Ripley,1999,/film/the-talented-mr-ripley/,5,movie,1213,678673
The Thief and the Cobbler,1993,/film/the-thief-and-the-cobbler/,5,movie,26672,25457
Tribulation 99: Alien Anomalies Under America,1991,/film/tribulation-99-alien-anomalies-under-america/,5,movie,19459,1400
Truly Madly Deeply,1990,/film/truly-madly-deeply/,5,movie,18317,10550
A Scene at the Sea,1991,/film/a-scene-at-the-sea/,4,movie,23606,23482
Same Old Song,1997,/film/same-old-song/,4,movie,2817,7007
Sleepy Hollow,1999,/film/sleepy-hollow/,4,movie,2668,593755
"Take Care of Your Scarf, Tatjana",1994,/film/take-care-of-your-scarf-tatjana/,4,movie,58416,7471
The Blade,1995,/film/the-blade/,4,movie,42845,6544
The Day of the Beast,1995,/film/the-day-of-the-beast/,4,movie,10722,52985
Buccaneer Soul,1993,/film/buccaneer-soul/,4,movie,183023,2916
Children of Heaven,1997,/film/children-of-heaven/,4,movie,21334,57123
Cold Water,1994,/film/cold-water/,4,movie,64901,10002
Kika,1993,/film/kika/,4,movie,8223,40653
License to Live,1998,/film/license-to-live/,4,movie,48341,3152
Life Is Beautiful,1997,/film/life-is-beautiful/,4,movie,637,816179
Like Grains of Sand,1995,/film/like-grains-of-sand/,4,movie,26896,5435
Patlabor 2: The Movie,1993,/film/patlabor-2-the-movie/,4,movie,14572,13342
Saving Private Ryan,1998,/film/saving-private-ryan/,4,movie,857,1717373
Sense and Sensibility,1995,/film/sense-and-sensibility/,4,movie,4584,234109
The Convent,1995,/film/the-convent-1995/,4,movie,124614,1261
The Hunchback of Notre Dame,1996,/film/the-hunchback-of-notre-dame-1996/,4,movie,10545,676444
The Last Angel of History,1996,/film/the-last-angel-of-history/,4,movie,257015,3984
The Sweet Hereafter,1997,/film/the-sweet-hereafter/,4,movie,10217,31886
To Sleep with Anger,1990,/film/to-sleep-with-anger/,4,movie,94725,17022
Total Recall,1990,/film/total-recall/,4,movie,861,443657
Affliction,1997,/film/affliction/,4,movie,31662,30521
Anjaam,1994,/film/anjaam/,4,movie,114436,3060
Ballet,1995,/film/ballet/,4,movie,290168,865
Beyond the Clouds,1995,/film/beyond-the-clouds/,4,movie,33517,4514
Birth of a Nation,1997,/film/birth-of-a-nation-1997/,4,movie,295120,680
Body Snatchers,1993,/film/body-snatchers/,4,movie,4722,28049
Bombay,1995,/film/bombay/,4,movie,26247,10763
Burnt by the Sun,1994,/film/burnt-by-the-sun/,4,movie,50797,10383
Clockers,1995,/film/clockers/,4,movie,20649,29231
Cows,1992,/film/cows/,4,movie,2441,3022
Cruel Intentions,1999,/film/cruel-intentions/,4,movie,796,415597
Devotio Moderna,1993,/film/devotio-moderna/,4,movie,500309,121
Dilwale Dulhania Le Jayenge,1995,/film/dilwale-dulhania-le-jayenge/,4,movie,19404,52749
Dogfight,1991,/film/dogfight/,4,movie,14667,24800
Earth,1996,/film/earth-1996/,4,movie,2460,1925
Echoed Silence,1998,/film/echoed-silence/,4,movie,945246,898
Fiorucci Made Me Hardcore,1999,/film/fiorucci-made-me-hardcore/,4,movie,221288,2218
From Today Until Tomorrow,1997,/film/from-today-until-tomorrow/,4,movie,125035,626
Full Alert,1997,/film/full-alert/,4,movie,42842,2741
Herzsprung,1992,/film/herzsprung/,4,movie,350700,329
Histoire(s) du Cinéma 4b: The Signs Among Us,1998,/film/histoires-du-cinema-4b-the-signs-among-us/,4,movie,116403,2698
Honeymoon,1998,/film/honeymoon-1998/,4,movie,122943,468
Human Resources,1999,/film/human-resources/,4,movie,46831,3188
Kuch Kuch Hota Hai,1998,/film/kuch-kuch-hota-hai/,4,movie,11854,55829
Like Water for Chocolate,1992,/film/like-water-for-chocolate/,4,movie,18183,35549
Mandrake,1997,/film/mandrake-1997/,4,movie,41914,972
Misery,1990,/film/misery/,4,movie,1700,627887
Moonlight Serenade,1997,/film/moonlight-serenade-1997/,4,movie,218508,217
My Best Fiend,1999,/film/my-best-fiend/,4,movie,8672,26853
Pain of Love,1992,/film/pain-of-love/,4,movie,60469,316
Perfect Love,1996,/film/perfect-love/,4,movie,64584,1304
Persian Series #2,1999,/film/persian-series-2/,4,movie,385624,2471
Private Confessions,1996,/film/private-confessions/,4,movie,62352,322
Ram Jaane,1995,/film/ram-jaane/,4,movie,160242,2184
Serial Experiments Lain,1998,/film/serial-experiments-lain/,4,tv,1087,98998
Smoking / No Smoking,1993,/film/smoking-no-smoking/,4,movie,61560,2171
Stalingrad,1993,/film/stalingrad/,4,movie,11101,21651
The Daytrippers,1996,/film/the-daytrippers/,4,movie,49806,58324
The Dream of a Ridiculous Man,1992,/film/the-dream-of-a-ridiculous-man/,4,movie,119855,5349
The God Crippled With One Leg,1994,/film/the-god-crippled-with-one-leg/,4,movie,537009,3881
The Golden Boat,1990,/film/the-golden-boat/,4,movie,123762,809
The Hairdresser's Husband,1990,/film/the-hairdressers-husband/,4,movie,11796,8181
The Prince of Egypt,1998,/film/the-prince-of-egypt/,4,movie,9837,702747
The Puppetmaster,1993,/film/the-puppetmaster/,4,movie,96712,5470
The Red Squirrel,1993,/film/the-red-squirrel/,4,movie,2444,3117
The Spinning Wheel of Time,1996,/film/the-spinning-wheel-of-time/,4,movie,333652,693
The Wrong Trousers,1993,/film/the-wrong-trousers/,4,movie,531,215620
Three Haiku Videos,1994,/film/three-haiku-videos/,4,movie,284835,838
Trauma,1993,/film/trauma-1993/,4,movie,44435,13525
Travelers,1992,/film/travelers-1992/,4,movie,263207,2646
Uncovered,1994,/film/uncovered/,4,movie,18591,1129
Vessel,1992,/film/vessel-1992/,4,movie,273226,62
Zone,1995,/film/zone/,4,movie,269580,4830
The Mangler,1995,/film/the-mangler/,3,movie,13559,12587
A Fish in the Bathtub,1998,/film/a-fish-in-the-bathtub/,3,movie,104146,4211
A Night in Nude,1993,/film/a-night-in-nude/,3,movie,105125,895
Amelia Lópes O'Neill,1991,/film/amelia-lopes-oneill/,3,movie,127634,82
As Bodas de Deus,1999,/film/as-bodas-de-deus/,3,movie,101342,1646
Clerks,1994,/film/clerks/,3,movie,2292,320991
Cube,1997,/film/cube/,3,movie,431,329341
Damage,1992,/film/damage/,3,movie,11012,28480
Deconstructing Harry,1997,/film/deconstructing-harry/,3,movie,2639,57490
Escape from L.A.,1996,/film/escape-from-la/,3,movie,10061,111171
Much Ado About Nothing,1993,/film/much-ado-about-nothing/,3,movie,11971,87197
Nenette and Boni,1996,/film/nenette-and-boni/,3,movie,99002,6898
Open Your Eyes,1997,/film/open-your-eyes/,3,movie,1902,69202
Ratcatcher,1999,/film/ratcatcher/,3,movie,29698,46353
Shall We Dance?,1996,/film/shall-we-dance-1996/,3,movie,11239,13513
Small Soldiers,1998,/film/small-soldiers/,3,movie,11551,183674
Sonatine,1993,/film/sonatine/,3,movie,7500,64185
"South Park: Bigger, Longer & Uncut",1999,/film/south-park-bigger-longer-uncut/,3,movie,9473,314963
"Sweet Emma, Dear Böbe",1992,/film/sweet-emma-dear-bobe/,3,movie,41194,446
The Comfort of Strangers,1990,/film/the-comfort-of-strangers/,3,movie,41925,17738
The Second Civil War,1997,/film/the-second-civil-war/,3,movie,45046,2601
A Bronx Tale,1993,/film/a-bronx-tale/,3,movie,1607,227162
A Simple Plan,1998,/film/a-simple-plan/,3,movie,10223,78647
Absolute Power,1997,/film/absolute-power/,3,movie,66,39262
Agujetas Cantaor,1999,/film/agujetas-cantaor/,3,movie,569099,26
Aimée & Jaguar,1999,/film/aimee-jaguar/,3,movie,2211,9943
Aladdin,1992,/film/aladdin/,3,movie,812,1713290
And the Little Prince Said,1992,/film/and-the-little-prince-said/,3,movie,195274,286
Babe,1995,/film/babe/,3,movie,9598,414709
Back Room,1999,/film/back-room/,3,movie,49127,139
Beauty and the Beast,1991,/film/beauty-and-the-beast-1991/,3,movie,10020,1510229
Bounce Ko Gals,1997,/film/bounce-ko-gals/,3,movie,27228,2898
Cemetery Man,1994,/film/cemetery-man/,3,movie,21588,46445
Dark City,1998,/film/dark-city-1998/,3,movie,2666,160636
Death Becomes Her,1992,/film/death-becomes-her/,3,movie,9374,391558
Freeway,1996,/film/freeway/,3,movie,11229,46511
Gamera 3: Revenge of Iris,1999,/film/gamera-3-revenge-of-iris/,3,movie,60159,9713
Germinal,1993,/film/germinal/,3,movie,51980,12165
Good Will Hunting,1997,/film/good-will-hunting/,3,movie,489,2746755
Hamsun,1996,/film/hamsun/,3,movie,79118,943
"Historias Breves 0: Vértigos, o contemplación de algo que cae",1993,/film/historias-breves-0-vertigos-o-contemplacion-de-algo-que-cae/,3,movie,720300,142
Idiot,1991,/film/idiot-1/,3,tv,104237,249
In Mexico,1990,/film/in-mexico/,3,movie,617824,36
In the Heat of the Sun,1994,/film/in-the-heat-of-the-sun/,3,movie,161285,6275
Ladybird Ladybird,1994,/film/ladybird-ladybird/,3,movie,49980,3899
Land and Freedom,1995,/film/land-and-freedom/,3,movie,38884,15118
Little Dieter Needs to Fly,1997,/film/little-dieter-needs-to-fly/,3,movie,57976,14152
Lost and Found,1996,/film/lost-and-found-1996/,3,movie,118202,6134
Lucky Star,1997,/film/lucky-star/,3,movie,97295,1365
Man of the Story,1995,/film/man-of-the-story/,3,movie,126969,367
March Comes In Like a Lion,1991,/film/march-comes-in-like-a-lion/,3,movie,185725,2858
Memories,1995,/film/memories/,3,movie,42994,62703
Memory Screen,1991,/film/memory-screen/,3,movie,487542,555
Metal and Melancholy,1994,/film/metal-and-melancholy/,3,movie,216095,1106
Moon Warriors,1992,/film/moon-warriors/,3,movie,50936,1456
Mulan,1998,/film/mulan/,3,movie,10674,1758771
My Crasy Life,1992,/film/my-crasy-life/,3,movie,84674,853
New Nightmare,1994,/film/new-nightmare/,3,movie,11596,148508
No Sex Last Night,1996,/film/no-sex-last-night/,3,movie,44302,1529
Nowhere to Hide,1999,/film/nowhere-to-hide/,3,movie,25660,3467
Ode,1999,/film/ode/,3,movie,178382,849
Passage à l'Acte,1993,/film/passage-a-lacte/,3,movie,93480,2419
Pokémon: The First Movie,1998,/film/pokemon-the-first-movie/,3,movie,10228,203902
Police Story 3: Super Cop,1992,/film/police-story-3-super-cop/,3,movie,11134,44642
Polite Madness,1996,/film/polite-madness/,3,movie,547821,39
Powder,1995,/film/powder/,3,movie,12665,29071
Prospero's Books,1991,/film/prosperos-books/,3,movie,5048,7589
Pump Up the Volume,1990,/film/pump-up-the-volume/,3,movie,8428,34978
Reseeding Air,1996,/film/reseeding-air/,3,movie,961973,48
Rocky V,1990,/film/rocky-v/,3,movie,1375,218735
Run Lola Run,1998,/film/run-lola-run/,3,movie,104,311215
Selena Live! The Last Concert,1995,/film/selena-live-the-last-concert/,3,movie,251799,718
Serial Mom,1994,/film/serial-mom/,3,movie,11592,113138
Star Trek VI: The Undiscovered Country,1991,/film/star-trek-vi-the-undiscovered-country/,3,movie,174,68790
SubUrbia,1996,/film/suburbia-1996/,3,movie,28059,26932
Sue,1997,/film/sue/,3,movie,49813,802
Sun of the Sleepless,1992,/film/sun-of-the-sleepless/,3,movie,150100,804
Swan Lake: The Zone,1990,/film/swan-lake-the-zone/,3,movie,254313,309
Terzen,1998,/film/terzen/,3,movie,601090,70
The Annihilation of Fish,1999,/film/the-annihilation-of-fish/,3,movie,49796,2399
The Cement Garden,1993,/film/the-cement-garden/,3,movie,14832,5364
The Crow,1994,/film/the-crow/,3,movie,9495,352270
The Devil Never Sleeps,1994,/film/the-devil-never-sleeps/,3,movie,262201,520
The Field,1990,/film/the-field/,3,movie,31651,5550
The Fisher King,1991,/film/the-fisher-king/,3,movie,177,95522
The Funeral,1996,/film/the-funeral-1996/,3,movie,21612,12241
The House of the Spirits,1993,/film/the-house-of-the-spirits/,3,movie,2259,24391
The Portrait of a Lady,1996,/film/the-portrait-of-a-lady/,3,movie,36758,16931
The Power of Kangwon Province,1998,/film/the-power-of-kangwon-province/,3,movie,86266,4669
The Skinny Alejandra,1994,/film/the-skinny-alejandra/,3,movie,422776,297
The Smell of Burning Ants,1994,/film/the-smell-of-burning-ants/,3,movie,249994,948
The Stoas,1997,/film/the-stoas/,3,movie,423744,146
Three Colours: White,1994,/film/three-colours-white/,3,movie,109,180718
"To Wong Foo, Thanks for Everything! Julie Newmar",1995,/film/to-wong-foo-thanks-for-everything-julie-newmar/,3,movie,9090,105439
Twister,1996,/film/twister/,3,movie,664,474385
Until The End Of The Night,1995,/film/until-the-end-of-the-night/,3,movie,434207,146
Vanya on 42nd Street,1994,/film/vanya-on-42nd-street/,3,movie,32636,8861
"Visit, or Memories and Confessions",1993,/film/visit-or-memories-and-confessions/,3,movie,338636,2443
Walking and Talking,1996,/film/walking-and-talking/,3,movie,49963,9561
Young Werther,1993,/film/young-werther/,3,movie,66825,242
beating,1994,/film/beating/,3,movie,473989,119
midst,1997,/film/midst/,3,movie,473990,30
Anastasia,1997,/film/anastasia-1997/,2,movie,9444,562269
Baraka,1992,/film/baraka/,2,movie,14002,56007
Bullet Ballet,1998,/film/bullet-ballet/,2,movie,25951,19957
Calendar,1993,/film/calendar/,2,movie,83599,4869
Conspirators of Pleasure,1996,/film/conspirators-of-pleasure/,2,movie,59892,6456
Fight Club,1999,/film/fight-club/,2,movie,550,5100023
Introduction to the End of an Argument,1990,/film/introduction-to-the-end-of-an-argument/,2,movie,253689,1507
Lothringen!,1994,/film/lothringen/,2,movie,129367,1150
The Apostle,1997,/film/the-apostle/,2,movie,2895,9544
The Fifth Element,1997,/film/the-fifth-element/,2,movie,18,698356
The Little Girl Who Sold the Sun,1999,/film/the-little-girl-who-sold-the-sun/,2,movie,108850,5600
The Muppet Christmas Carol,1992,/film/the-muppet-christmas-carol/,2,movie,10437,417876
A Tale of Love,1995,/film/a-tale-of-love/,2,movie,341358,219
Artaud and the Tarahumaras,1996,/film/artaud-and-the-tarahumaras/,2,movie,436837,21
Bag of Rice,1997,/film/bag-of-rice/,2,movie,160434,502
Batman Returns,1992,/film/batman-returns/,2,movie,364,705211
Blood Ties,1991,/film/blood-ties-1991/,2,movie,89337,363
Blue Moon,1997,/film/blue-moon-1997/,2,movie,355407,641
Blue Value,1996,/film/blue-value/,2,movie,474093,42
Brincando el Charco: Portrait of a Puerto Rican,1994,/film/brincando-el-charco-portrait-of-a-puerto-rican/,2,movie,420230,91
Bullet in the Head,1990,/film/bullet-in-the-head/,2,movie,11909,18885
Caught,1996,/film/caught-1996/,2,movie,47260,440
Class Trip,1998,/film/class-trip-1998/,2,movie,46817,915
Cop Land,1997,/film/cop-land/,2,movie,2142,98624
Cry-Baby,1990,/film/cry-baby/,2,movie,9768,184889
Dance of Dust,1998,/film/dance-of-dust/,2,movie,433687,78
Day of Despair,1992,/film/day-of-despair/,2,movie,257896,709
Drancy Future,1997,/film/drancy-future/,2,movie,477268,137
Dying at a Hospital,1993,/film/dying-at-a-hospital/,2,movie,204534,263
El techo del mundo,1995,/film/el-techo-del-mundo/,2,movie,427984,17
Elle,1996,/film/elle-1996/,2,movie,362789,57
Endless Waltz,1995,/film/endless-waltz/,2,movie,317661,658
Falling Down,1993,/film/falling-down/,2,movie,37094,224230
"Freeze, Die, Come to Life",1990,/film/freeze-die-come-to-life/,2,movie,41948,1127
Friends,1993,/film/friends-1993/,2,movie,196924,11063
Gemini,1999,/film/gemini/,2,movie,27276,7317
"Girl, Interrupted",1999,/film/girl-interrupted/,2,movie,3558,1363377
Go Fish,1994,/film/go-fish/,2,movie,18620,10835
"Good Men, Good Women",1995,/film/good-men-good-women/,2,movie,99600,2753
Hardwood Process,1996,/film/hardwood-process/,2,movie,323302,350
Hinterland,1998,/film/hinterland-1998/,2,movie,110216,127
Howards End,1992,/film/howards-end/,2,movie,8293,41401
I've Heard the Ammonite Murmur,1992,/film/ive-heard-the-ammonite-murmur/,2,movie,392170,1701
In the Presence of a Clown,1997,/film/in-the-presence-of-a-clown/,2,movie,47723,2065
Jacob's Ladder,1990,/film/jacobs-ladder/,2,movie,2291,213757
Kadhalan,1994,/film/kadhalan/,2,movie,59265,2413
Life,1994,/film/life-1994/,2,movie,200144,2553
Looking for an Angel,1999,/film/looking-for-an-angel/,2,movie,429756,2205
Lovers: A True Story,1991,/film/lovers-a-true-story/,2,movie,41782,2218
Love’s Debris,1996,/film/loves-debris/,2,movie,264078,92
MURDER and murder,1996,/film/murder-and-murder/,2,movie,407992,516
Matilda,1996,/film/matilda/,2,movie,10830,1433443
"Minbo, or the Gentle Art of Japanese Extortion",1992,/film/minbo-or-the-gentle-art-of-japanese-extortion/,2,movie,110283,4351
Mutant Action,1993,/film/mutant-action/,2,movie,25466,8593
Our Film,1993,/film/our-film-1993/,2,movie,327156,140
Pictures,1996,/film/pictures-1996/,2,movie,104611,190
Places in Cities,1998,/film/places-in-cities/,2,movie,110380,821
Postcards from the Edge,1990,/film/postcards-from-the-edge/,2,movie,22414,35592
"Pretty Village, Pretty Flame",1996,/film/pretty-village-pretty-flame/,2,movie,29927,7384
Prisoners of War,1995,/film/prisoners-of-war-1995/,2,movie,262005,142
Psycho,1998,/film/psycho-1998/,2,movie,11252,80894
Quick Change,1990,/film/quick-change/,2,movie,10729,21560
Railroad Man,1999,/film/railroad-man/,2,movie,68837,1526
Riki-Oh: The Story of Ricky,1991,/film/riki-oh-the-story-of-ricky/,2,movie,17467,41912
Robinson Crusoe Island,1999,/film/robinson-crusoe-island/,2,movie,132153,34
Roujin Z,1991,/film/roujin-z/,2,movie,35648,9398
Récréations,1993,/film/recreations/,2,movie,383867,1116
Savage Nights,1992,/film/savage-nights/,2,movie,41878,2507
Sepio,1996,/film/sepio/,2,movie,273882,344
Silverlake Life: The View from Here,1993,/film/silverlake-life-the-view-from-here/,2,movie,133436,1380
Singapore Sling,1990,/film/singapore-sling/,2,movie,1560,7918
Spider,1992,/film/spider-1992/,2,movie,171204,1661
Stellar,1993,/film/stellar/,2,movie,126208,12422
Sun on the Horizon,1996,/film/sun-on-the-horizon/,2,movie,162435,461
Sundial,1992,/film/sundial/,2,movie,289726,469
Tender Fictions,1995,/film/tender-fictions/,2,movie,223501,303
That Thing You Do!,1996,/film/that-thing-you-do/,2,movie,9591,117462
The Beach,1992,/film/the-beach-1992/,2,movie,228587,862
The Black Angel,1994,/film/the-black-angel/,2,movie,120554,814
The Color of Paradise,1999,/film/the-color-of-paradise/,2,movie,17078,14166
The Confined,1993,/film/the-confined/,2,movie,29775,875
The Crucible,1996,/film/the-crucible/,2,movie,20539,79481
The Last Dance,1993,/film/the-last-dance/,2,movie,83205,1238
The Life of Jesus,1997,/film/the-life-of-jesus/,2,movie,27067,8503
The Little Gangster,1990,/film/the-little-gangster/,2,movie,162827,615
The Malady of Death,1994,/film/the-malady-of-death-1994/,2,movie,1040907,53
The Miracle of P. Tinto,1998,/film/the-miracle-of-p-tinto/,2,movie,30145,6216
The Mirror,1997,/film/the-mirror/,2,movie,40882,8383
The Parent Trap,1998,/film/the-parent-trap-1998/,2,movie,9820,1505369
The Pear Tree,1998,/film/the-pear-tree/,2,movie,165911,2515
The Quiet Family,1998,/film/the-quiet-family/,2,movie,74336,16154
The Story of Qiu Ju,1992,/film/the-story-of-qiu-ju/,2,movie,38143,6508
The Stranger,1991,/film/the-stranger-1991/,2,movie,41781,7205
Titus,1999,/film/titus/,2,movie,12524,21299
Tsugumi,1990,/film/tsugumi/,2,movie,243912,612
Twilight,1990,/film/twilight-1990/,2,movie,110379,6464
Twin Dragons,1992,/film/twin-dragons/,2,movie,18764,13689
"What The Water Said, Nos. 1-3",1998,/film/what-the-water-said-nos-1-3/,2,movie,364109,643
What's Eating Gilbert Grape,1993,/film/whats-eating-gilbert-grape/,2,movie,1587,536849
Wild Reeds,1994,/film/wild-reeds/,2,movie,26933,11212
Wittgenstein,1993,/film/wittgenstein/,2,movie,58937,9285
Yggdrasill: Whose Roots Are Stars in the Human Mind,1997,/film/yggdrasill-whose-roots-are-stars-in-the-human-mind/,2,movie,164609,1300
A Body in the Woods,1996,/film/a-body-in-the-woods/,1,movie,175371,195
A Woman's Tale,1991,/film/a-womans-tale/,1,movie,91207,472
Accelerated Under-Development: In the Idiom of Santiago Alvarez,1999,/film/accelerated-under-development-in-the-idiom-of-santiago-alvarez/,1,movie,127729,111
Albert Savarus,1993,/film/albert-savarus/,1,movie,463012,120
All You Can Eat,1993,/film/all-you-can-eat-1993/,1,movie,466425,604
Amateur,1994,/film/amateur/,1,movie,30157,19603
American Movie,1999,/film/american-movie/,1,movie,14242,67914
As Good as It Gets,1997,/film/as-good-as-it-gets/,1,movie,2898,300843
"Ay, Carmela!",1990,/film/ay-carmela/,1,movie,41806,5893
Basara: The Princess Goh,1992,/film/basara-the-princess-goh/,1,movie,244956,363
Batman: Mask of the Phantasm,1993,/film/batman-mask-of-the-phantasm/,1,movie,14919,201165
Betty,1992,/film/betty/,1,movie,31303,2485
Black Is… Black Ain’t,1994,/film/black-is-black-aint/,1,movie,77341,4985
Boyz n the Hood,1991,/film/boyz-n-the-hood/,1,movie,650,346899
Braindead,1992,/film/braindead-1992/,1,movie,763,151886
"Brigands, Chapter VII",1996,/film/brigands-chapter-vii/,1,movie,48012,276
By the River Nowhere,1991,/film/by-the-river-nowhere/,1,movie,427234,121
Career Girls,1997,/film/career-girls/,1,movie,49462,10793
Charisma,1999,/film/charisma/,1,movie,72490,8699
Cosy Dens,1999,/film/cosy-dens/,1,movie,15387,10003
Crayon Shin-chan: Pursuit of the Balls of Darkness,1997,/film/crayon-shin-chan-pursuit-of-the-balls-of-darkness/,1,movie,89458,5938
Crocodile,1996,/film/crocodile/,1,movie,25652,2077
Deep Crimson,1996,/film/deep-crimson/,1,movie,47007,4033
Delicatessen,1991,/film/delicatessen/,1,movie,892,131597
Dirty Work,1998,/film/dirty-work-1998/,1,movie,14577,45830
Doctor Mack,1995,/film/doctor-mack/,1,movie,45470,954
Dumb and Dumber,1994,/film/dumb-and-dumber/,1,movie,8467,710734
Dust of Angels,1992,/film/dust-of-angels/,1,movie,205464,2165
Echoes from a Sombre Empire,1990,/film/echoes-from-a-sombre-empire/,1,movie,121842,1369
Elementary Phrases,1994,/film/elementary-phrases/,1,movie,255260,747
Epiphany Sunday,1991,/film/epiphany-sunday/,1,movie,378473,182
Ever After,1998,/film/ever-after-1998/,1,movie,9454,134433
Everyone Says I Love You,1996,/film/everyone-says-i-love-you/,1,movie,9716,44716
Fantasia 2000,1999,/film/fantasia-2000/,1,movie,49948,179394
Fear and Loathing in Las Vegas,1998,/film/fear-and-loathing-in-las-vegas/,1,movie,1878,517526
Finding Christa,1991,/film/finding-christa/,1,movie,133437,547
Following,1998,/film/following/,1,movie,11660,160270
Foreign Land,1995,/film/foreign-land/,1,movie,57811,25811
Fresh,1994,/film/fresh/,1,movie,13815,13346
Fried Green Tomatoes,1991,/film/fried-green-tomatoes/,1,movie,1633,146331
Garden Pieces,1998,/film/garden-pieces/,1,movie,367332,365
Get Real,1998,/film/get-real/,1,movie,24584,10743
Ghostwatch,1992,/film/ghostwatch/,1,movie,46633,48249
Gilles Deleuze from A to Z,1996,/film/gilles-deleuze-from-a-to-z-1996/,1,tv,8589,1259
Go,1999,/film/go/,1,movie,9430,76278
Godzilla vs. Destoroyah,1995,/film/godzilla-vs-destoroyah/,1,movie,12561,25856
Hamlet,1996,/film/hamlet-1996/,1,movie,10549,58766
He Got Game,1998,/film/he-got-game/,1,movie,9469,60727
Heaven Rises,1991,/film/heaven-rises/,1,movie,257028,15
Heavenly Creatures,1994,/film/heavenly-creatures/,1,movie,1024,96346
Hercules,1997,/film/hercules-1997/,1,movie,11970,1328342
Homicide,1991,/film/homicide-1991/,1,movie,22828,14908
House,1998,/film/house-1998/,1,movie,512435,135
Imprint,1997,/film/imprint-1997/,1,movie,668678,71
Inca de Oro,1996,/film/inca-de-oro/,1,movie,707921,9
Interview with the Vampire,1994,/film/interview-with-the-vampire/,1,movie,628,631543
It,1990,/film/it-1990/,1,tv,19614,378775
Jellyfish Sandwich,1994,/film/jellyfish-sandwich/,1,movie,398805,121
Kasba,1991,/film/kasba/,1,movie,257587,270
Kicking and Screaming,1995,/film/kicking-and-screaming/,1,movie,28387,70380
Kids Return,1996,/film/kids-return/,1,movie,27233,18631
Kiss of Death,1995,/film/kiss-of-death-1995/,1,movie,6071,12100
Knock Off,1998,/film/knock-off/,1,movie,37498,13282
Kolya,1996,/film/kolya/,1,movie,784,7884
La Promesse,1996,/film/la-promesse/,1,movie,24183,15181
Letters from Alou,1990,/film/letters-from-alou/,1,movie,95613,228
Liar Liar,1997,/film/liar-liar/,1,movie,1624,601070
Lisbon Story,1994,/film/lisbon-story/,1,movie,390,8980
Live Flesh,1997,/film/live-flesh/,1,movie,267,55458
Living on the River Agano,1992,/film/living-on-the-river-agano/,1,movie,383578,191
Lodz Symphony,1993,/film/lodz-symphony/,1,movie,258269,455
London,1994,/film/london-1994/,1,movie,121655,3270
Making of 'Dreams',1990,/film/making-of-dreams/,1,movie,412365,591
Marius and Jeannette,1997,/film/marius-and-jeannette/,1,movie,64968,2023
Mary Shelley's Frankenstein,1994,/film/mary-shelleys-frankenstein/,1,movie,3036,67328
Mary from Beijing,1992,/film/mary-from-beijing/,1,movie,255786,190
Melons (At A Loss),1998,/film/melons-at-a-loss/,1,movie,638743,1396
Memento Mori,1999,/film/memento-mori-1999/,1,movie,54111,6389
Menace II Society,1993,/film/menace-ii-society/,1,movie,9516,96276
Motel Cactus,1997,/film/motel-cactus/,1,movie,153423,340
Mother,1996,/film/mother-1996/,1,movie,27265,10626
Motorcycle Gang,1994,/film/motorcycle-gang/,1,movie,203066,326
Moving In,1993,/film/moving-in-1993/,1,movie,392744,818
Moxon’s Mechanick Exercises or the Doctrine of Handy-Works Applied to the Art of Printing,1999,/film/moxons-mechanick-exercises-or-the-doctrine-of-handy-works-applied-to-the-art-of-printing/,1,movie,473674,107
Muppets from Space,1999,/film/muppets-from-space/,1,movie,10208,61783
Murmur of Youth,1997,/film/murmur-of-youth/,1,movie,125085,3550
My Neighbors the Yamadas,1999,/film/my-neighbors-the-yamadas/,1,movie,16198,64588
NEKO-MIMI,1993,/film/neko-mimi/,1,movie,549347,1937
Night Falls on Manhattan,1996,/film/night-falls-on-manhattan/,1,movie,46027,6158
Ninja Scroll,1993,/film/ninja-scroll/,1,movie,14282,45705
Nirvana,1997,/film/nirvana/,1,movie,8765,4236
Notting Hill,1999,/film/notting-hill/,1,movie,509,1375436
O Vigilante,1992,/film/o-vigilante/,1,movie,183035,677
Of Mice and Men,1992,/film/of-mice-and-men-1992/,1,movie,9609,79148
On Earth as It Is in Heaven,1995,/film/on-earth-as-it-is-in-heaven/,1,movie,36505,1842
Pola X,1999,/film/pola-x/,1,movie,35717,9783
Pretty Woman,1990,/film/pretty-woman/,1,movie,114,1336251
Queen Margot,1994,/film/queen-margot-1994/,1,movie,10452,24620
Reality Bites,1994,/film/reality-bites/,1,movie,2788,135873
Road Movie or What I Learned in a Buick Station Wagon,1991,/film/road-movie-or-what-i-learned-in-a-buick-station/,1,movie,558686,481
Romance,1999,/film/romance-1999/,1,movie,26338,15095
Rough Riders,1997,/film/rough-riders/,1,tv,47093,843
Secrets of the Heart,1997,/film/secrets-of-the-heart/,1,movie,92603,1170
Sitcom,1998,/film/sitcom/,1,movie,46761,7330
Sopyonje,1993,/film/sopyonje/,1,movie,124315,2754
Splendor,1999,/film/splendor-1999/,1,movie,35122,10562
Summer of Love,1994,/film/summer-of-love/,1,movie,81316,37
Tank Girl,1995,/film/tank-girl/,1,movie,9067,60733
"The Adventures of Priscilla, Queen of the Desert",1994,/film/the-adventures-of-priscilla-queen-of-the-desert/,1,movie,2759,120607
The Bird People in China,1998,/film/the-bird-people-in-china/,1,movie,28638,4770
The Bird of Happiness,1993,/film/the-bird-of-happiness/,1,movie,167777,188
The Birth of Love,1993,/film/the-birth-of-love/,1,movie,84003,1328
The Decline of Western Civilization Part III,1998,/film/the-decline-of-western-civilization-part-iii/,1,movie,44848,7316
The Faculty,1998,/film/the-faculty/,1,movie,9276,188594
The Idiots,1998,/film/the-idiots/,1,movie,452,62620
The Last Boy Scout,1991,/film/the-last-boy-scout/,1,movie,9319,83696
The Last Days of Chez Nous,1992,/film/the-last-days-of-chez-nous/,1,movie,41772,1445
The Last of the Mohicans,1992,/film/the-last-of-the-mohicans-1992/,1,movie,9361,223081
The Legend of the Swordsman,1992,/film/the-legend-of-the-swordsman/,1,movie,18672,3416
The Mandarin,1995,/film/the-mandarin-1995/,1,movie,229884,327
The Mummy,1999,/film/the-mummy-1999/,1,movie,564,952078
The Nantes Triptych,1992,/film/the-nantes-triptych/,1,movie,875018,24
The Sect,1991,/film/the-sect/,1,movie,38706,8096
The Sheltering Sky,1990,/film/the-sheltering-sky/,1,movie,24016,13553
The Spiral,1998,/film/the-spiral-1998/,1,movie,9706,7775
Three Days,1991,/film/three-days-1991/,1,movie,88860,1873
Three Days in Greece,1991,/film/three-days-in-greece/,1,movie,365421,106
Timeless Bottomless Bad Movie,1997,/film/timeless-bottomless-bad-movie/,1,movie,101348,3075
Treasure of the Bitch Islands,1990,/film/treasure-of-the-bitch-islands/,1,movie,66546,449
Tromeo & Juliet,1996,/film/tromeo-juliet/,1,movie,16233,14602
"Wax, or The Discovery of Television Among the Bees",1991,/film/wax-or-the-discovery-of-television-among-the-bees/,1,movie,54400,4690
Welcome Home,1995,/film/welcome-home-1995/,1,movie,239328,512
Yumeji,1991,/film/yumeji/,1,movie,110903,3112
removed,1999,/film/removed/,1,movie,152921,2164
