Title,Year,url_peli,Review
Vertigo,1958,/film/vertigo/,116
Mulholland Drive,2001,/film/mulholland-drive/,102
Ordet,1955,/film/ordet/,51
El sur,1983,/film/el-sur/,47
Johnny Guitar,1954,/film/johnny-guitar/,42
Sunrise: A Song of Two Humans,1927,/film/sunrise-a-song-of-two-humans/,40
The Passion of Joan of Arc,1928,/film/the-passion-of-joan-of-arc/,39
Tokyo Story,1953,/film/tokyo-story/,36
Pierrot le Fou,1965,/film/pierrot-le-fou/,36
Céline and Julie Go Boating,1974,/film/celine-and-julie-go-boating/,35
Rio Bravo,1959,/film/rio-bravo/,34
Sansho the Bailiff,1954,/film/sansho-the-bailiff/,33
Only Angels Have Wings,1939,/film/only-angels-have-wings/,33
Gertrud,1964,/film/gertrud/,33
The Long Gray Line,1955,/film/the-long-gray-line/,33
Spirited Away,2001,/film/spirited-away/,32
The Quiet Man,1952,/film/the-quiet-man/,31
Sans Soleil,1983,/film/sans-soleil/,31
Persona,1966,/film/persona/,30
The Green Ray,1986,/film/the-green-ray/,29
Heat,1995,/film/heat-1995/,29
L'Atalante,1934,/film/latalante/,29
An Affair to Remember,1957,/film/an-affair-to-remember/,27
As I Was Moving Ahead Occasionally I Saw Brief Glimpses of Beauty,2000,/film/as-i-was-moving-ahead-occasionally-i-saw-brief-glimpses-of-beauty/,27
My Darling Clementine,1946,/film/my-darling-clementine/,27
The Mother and the Whore,1973,/film/the-mother-and-the-whore/,27
Inland Empire,2006,/film/inland-empire/,26
Blow Out,1981,/film/blow-out/,25
Late Spring,1949,/film/late-spring/,25
The Man Who Shot Liberty Valance,1962,/film/the-man-who-shot-liberty-valance/,25
In the Mood for Love,2000,/film/in-the-mood-for-love/,25
Contempt,1963,/film/contempt/,24
A Man Escaped,1956,/film/a-man-escaped/,24
Journey to Italy,1954,/film/journey-to-italy/,23
Viridiana,1961,/film/viridiana/,23
City Lights,1931,/film/city-lights/,23
The Searchers,1956,/film/the-searchers/,23
2001: A Space Odyssey,1968,/film/2001-a-space-odyssey/,22
How Green Was My Valley,1941,/film/how-green-was-my-valley/,22
The Shop Around the Corner,1940,/film/the-shop-around-the-corner/,22
Ugetsu,1953,/film/ugetsu/,21
Rear Window,1954,/film/rear-window/,21
L'Eclisse,1962,/film/leclisse/,21
The Sound of the Shaking Earth,1990,/film/the-sound-of-the-shaking-earth/,21
Two in the Shadow,1967,/film/two-in-the-shadow-1967/,21
New Rose Hotel,1998,/film/new-rose-hotel/,20
Hiroshima Mon Amour,1959,/film/hiroshima-mon-amour/,19
Imitation of Life,1959,/film/imitation-of-life-1959/,19
An Autumn Afternoon,1962,/film/an-autumn-afternoon/,19
Good Morning,1959,/film/good-morning/,19
The River,1951,/film/the-river/,18
Apocalypse Now,1979,/film/apocalypse-now/,18
A Brighter Summer Day,1991,/film/a-brighter-summer-day/,17
Mirror,1975,/film/mirror/,17
Last Year at Marienbad,1961,/film/last-year-at-marienbad/,17
Stagecoach,1939,/film/stagecoach/,17
Touch of Evil,1958,/film/touch-of-evil/,17
It's Such a Beautiful Day,2012,/film/its-such-a-beautiful-day/,17
Out 1,1971,/film/out-1/,17
Starman,1984,/film/starman/,17
La Flor,2018,/film/la-flor/,17
Crash,1996,/film/crash/,16
"Sherlock, Jr.",1924,/film/sherlock-jr/,16
Lost Highway,1997,/film/lost-highway/,16
Love Streams,1984,/film/love-streams/,16
Man's Favorite Sport?,1964,/film/mans-favorite-sport/,16
Speed Racer,2008,/film/speed-racer/,16
The Spirit of the Beehive,1973,/film/the-spirit-of-the-beehive/,15
Yi Yi,2000,/film/yi-yi/,15
All That Heaven Allows,1955,/film/all-that-heaven-allows/,15
"Jeanne Dielman, 23, Quai du Commerce 1080 Bruxelles",1975,/film/jeanne-dielman-23-quai-du-commerce-1080-bruxelles/,15
North by Northwest,1959,/film/north-by-northwest/,15
Pulse,2001,/film/pulse-2001/,15
Francisca,1981,/film/francisca/,15
Water-Mirror of Granada,1955,/film/water-mirror-of-granada/,15
Vampyr,1932,/film/vampyr/,15
Stalker,1979,/film/stalker/,14
Body Double,1984,/film/body-double/,14
Eyes Wide Shut,1999,/film/eyes-wide-shut/,14
Man with a Movie Camera,1929,/film/man-with-a-movie-camera/,14
Miami Vice,2006,/film/miami-vice/,14
The Godfather: Part II,1974,/film/the-godfather-part-ii/,14
Tabu,1931,/film/tabu-1931/,13
Doomed Love,1978,/film/doomed-love/,13
Tea and Sympathy,1956,/film/tea-and-sympathy/,13
Le Trou,1960,/film/le-trou/,13
Barry Lyndon,1975,/film/barry-lyndon/,13
The Night of the Hunter,1955,/film/the-night-of-the-hunter/,13
Meshes of the Afternoon,1943,/film/meshes-of-the-afternoon/,12
High and Low,1963,/film/high-and-low/,12
Werckmeister Harmonies,2000,/film/werckmeister-harmonies/,12
By the Bluest of Seas,1935,/film/by-the-bluest-of-seas/,12
Chungking Express,1994,/film/chungking-express/,12
Cries and Whispers,1972,/film/cries-and-whispers/,12
Floating Weeds,1959,/film/floating-weeds/,12
Late Autumn,1960,/film/late-autumn/,12
Sunset Boulevard,1950,/film/sunset-boulevard/,12
The Rules of the Game,1939,/film/the-rules-of-the-game/,12
Brief Encounter,1945,/film/brief-encounter/,12
Histoire(s) du cinéma,1998,/film/histoires-du-cinema/,12
Opening Night,1977,/film/opening-night/,12
Psycho,1960,/film/psycho/,12
The Cabinet of Dr. Caligari,1920,/film/the-cabinet-of-dr-caligari-1920/,12
Lucky Star,1929,/film/lucky-star-1929/,12
The Cranes Are Flying,1957,/film/the-cranes-are-flying/,12
The Blackout,1997,/film/the-blackout/,11
Back Street,1932,/film/back-street-1932/,11
Rapture,1979,/film/rapture-1979/,11
I Am Cuba,1964,/film/i-am-cuba/,11
Los Angeles Plays Itself,2003,/film/los-angeles-plays-itself/,11
Once Upon a Time in the West,1968,/film/once-upon-a-time-in-the-west/,11
Orpheus,1950,/film/orpheus/,11
Taipei Story,1985,/film/taipei-story/,11
Taxi Driver,1976,/film/taxi-driver/,11
The Apartment,1960,/film/the-apartment/,11
There's Always Tomorrow,1955,/film/theres-always-tomorrow/,11
Cemetery of Splendor,2015,/film/cemetery-of-splendor/,11
Signs,2002,/film/signs/,11
The Texas Chain Saw Massacre,1974,/film/the-texas-chain-saw-massacre/,11
Woman in the Dunes,1964,/film/woman-in-the-dunes/,11
From the Notebook of...,1971,/film/from-the-notebook-of/,11
History Is Made at Night,1937,/film/history-is-made-at-night/,11
Seven Samurai,1954,/film/seven-samurai/,11
PlayTime,1967,/film/playtime/,10
To Be or Not to Be,1942,/film/to-be-or-not-to-be/,10
Hovering Over the Water,1986,/film/hovering-over-the-water/,10
Carlito's Way,1993,/film/carlitos-way/,10
Enthusiasm,1930,/film/film:20053/,10
The Aviator's Wife,1981,/film/the-aviators-wife/,10
A Tale of Winter,1992,/film/a-tale-of-winter/,10
Pather Panchali,1955,/film/pather-panchali/,10
Sorcerer,1977,/film/sorcerer/,10
The Brown Bunny,2003,/film/the-brown-bunny/,10
The Crucified Lovers,1954,/film/the-crucified-lovers/,10
Wavelength,1967,/film/wavelength-1967/,10
Army of Shadows,1969,/film/army-of-shadows/,10
Broken Blossoms,1919,/film/broken-blossoms-1919/,10
Children of the Beehive,1948,/film/children-of-the-beehive/,10
Germany Year Zero,1948,/film/germany-year-zero/,10
Goodbye to Language,2014,/film/goodbye-to-language/,10
Night Function,1981,/film/night-function/,10
Our Music,2004,/film/notre-musique/,10
The Docks of New York,1928,/film/the-docks-of-new-york/,10
From the Clouds to the Resistance,1979,/film/from-the-clouds-to-the-resistance/,9
They Live by Night,1948,/film/they-live-by-night/,9
Tokyo Twilight,1957,/film/tokyo-twilight/,9
A Woman Under the Influence,1974,/film/a-woman-under-the-influence/,9
Andrei Rublev,1966,/film/andrei-rublev/,9
I Walked with a Zombie,1943,/film/i-walked-with-a-zombie/,9
La Belle Noiseuse,1991,/film/la-belle-noiseuse/,9
Millennium Mambo,2001,/film/millennium-mambo/,9
Porco Rosso,1992,/film/porco-rosso/,9
Two-Lane Blacktop,1971,/film/two-lane-blacktop/,9
A Moment of Innocence,1996,/film/a-moment-of-innocence/,9
Paranoid Park,2007,/film/paranoid-park/,9
The Ascent,1977,/film/the-ascent/,9
The Exterminating Angel,1962,/film/the-exterminating-angel/,9
The Incredible Shrinking Man,1957,/film/the-incredible-shrinking-man/,9
The Young Girls of Rochefort,1967,/film/the-young-girls-of-rochefort/,9
A Day in the Country,1946,/film/a-day-in-the-country/,9
Monsieur Verdoux,1947,/film/monsieur-verdoux/,9
Cure,1997,/film/cure/,8
Strange Days,1995,/film/strange-days/,8
Window Water Baby Moving,1959,/film/window-water-baby-moving/,8
Dersu Uzala,1975,/film/dersu-uzala/,8
Design for Living,1933,/film/design-for-living/,8
Heaven's Gate,1980,/film/heavens-gate/,8
L'Argent,1983,/film/largent-1983/,8
M,1931,/film/m/,8
Notorious,1946,/film/notorious/,8
Toute une nuit,1982,/film/toute-une-nuit/,8
Twin Peaks: Fire Walk with Me,1992,/film/twin-peaks-fire-walk-with-me/,8
Blue Velvet,1986,/film/blue-velvet/,8
Céline,1992,/film/film:96932/,8
French Cancan,1955,/film/french-cancan/,8
Golden Eighties,1986,/film/golden-eighties/,8
Hour of the Wolf,1968,/film/hour-of-the-wolf/,8
La Chinoise,1967,/film/la-chinoise/,8
La Région Centrale,1971,/film/la-region-centrale/,8
Ran,1985,/film/ran/,8
The Dead,1987,/film/the-dead/,8
The Last Days of Disco,1998,/film/the-last-days-of-disco/,8
The Sacrifice,1986,/film/the-sacrifice/,8
La Roue,1923,/film/la-roue/,8
Magic Mike XXL,2015,/film/magic-mike-xxl/,8
Mouchette,1967,/film/mouchette/,8
My Night at Maud's,1969,/film/my-night-at-mauds/,8
Salt of the Earth,1954,/film/salt-of-the-earth/,8
She Wore a Yellow Ribbon,1949,/film/she-wore-a-yellow-ribbon/,8
8½,1963,/film/8-half/,7
India Song,1975,/film/india-song/,7
News from Home,1976,/film/news-from-home/,7
Our Daily Bread,1934,/film/our-daily-bread-1934/,7
Rocco and His Brothers,1960,/film/rocco-and-his-brothers/,7
Yourself and Yours,2016,/film/yourself-and-yours/,7
All That Jazz,1979,/film/all-that-jazz/,7
Belladonna of Sadness,1973,/film/belladonna-of-sadness/,7
Bringing Up Baby,1938,/film/bringing-up-baby/,7
Flames,1978,/film/flames-1978/,7
La Jetée,1962,/film/la-jetee/,7
Magnolia,1999,/film/magnolia/,7
My Best Friend's Wedding,1997,/film/my-best-friends-wedding/,7
On the Occasion of Remembering the Turning Gate,2002,/film/on-the-occasion-of-remembering-the-turning-gate/,7
Once Upon a Time… in Hollywood,2019,/film/once-upon-a-time-in-hollywood/,7
Stella Dallas,1937,/film/stella-dallas/,7
The Childhood of Maxim Gorky,1938,/film/the-childhood-of-maxim-gorky/,7
The Crowd,1928,/film/the-crowd/,7
The Godfather,1972,/film/the-godfather/,7
The Last Laugh,1924,/film/the-last-laugh/,7
The Wind,1928,/film/the-wind/,7
Umberto D.,1952,/film/umberto-d/,7
À Nos Amours,1983,/film/a-nos-amours/,7
Alaya,1987,/film/alaya/,7
Alien,1979,/film/alien/,7
At Sea,2007,/film/at-sea/,7
Doctor Zhivago,1965,/film/doctor-zhivago/,7
Eyes Without a Face,1960,/film/eyes-without-a-face/,7
F for Fake,1973,/film/f-for-fake/,7
House,1977,/film/house/,7
It's a Wonderful Life,1946,/film/its-a-wonderful-life/,7
One Hundred Children Waiting for a Train,1988,/film/one-hundred-children-waiting-for-a-train/,7
Passacaglia y Fuga,1975,/film/passacaglia-y-fuga/,7
Some Came Running,1958,/film/some-came-running/,7
Strange Voyage,1964,/film/strange-voyage/,7
The Life and Death of Colonel Blimp,1943,/film/the-life-and-death-of-colonel-blimp/,7
The Matrix,1999,/film/the-matrix/,7
The Tree of Life,2011,/film/the-tree-of-life-2011/,7
Yearning,1964,/film/yearning/,6
Finis Terrae,1929,/film/finis-terrae/,6
Frenzy,1972,/film/frenzy/,6
In a Lonely Place,1950,/film/in-a-lonely-place/,6
Le Bonheur,1965,/film/le-bonheur/,6
Possession,1981,/film/possession/,6
The Best Years of Our Lives,1946,/film/the-best-years-of-our-lives/,6
The Red Shoes,1948,/film/the-red-shoes/,6
Uncle Boonmee Who Can Recall His Past Lives,2010,/film/uncle-boonmee-who-can-recall-his-past-lives/,6
7th Heaven,1927,/film/7th-heaven/,6
Bitter Victory,1957,/film/bitter-victory/,6
Blade Runner,1982,/film/blade-runner/,6
Earth,1930,/film/earth-1930/,6
Fragile as the World,2001,/film/fragile-as-the-world/,6
Halloween,1978,/film/halloween-1978/,6
Harakiri,1962,/film/harakiri/,6
Her,2013,/film/her/,6
L'Avventura,1960,/film/lavventura/,6
Love Is a Many-Splendored Thing,1955,/film/love-is-a-many-splendored-thing/,6
Punch-Drunk Love,2002,/film/punch-drunk-love/,6
Stromboli,1950,/film/stromboli/,6
The Color of Pomegranates,1969,/film/the-color-of-pomegranates/,6
The Eternal Breasts,1955,/film/forever-a-woman/,6
The Scarlet Empress,1934,/film/the-scarlet-empress/,6
The Third Man,1949,/film/the-third-man/,6
The Tiger of Eschnapur,1959,/film/the-tiger-of-eschnapur/,6
The Wages of Fear,1953,/film/the-wages-of-fear/,6
Time and Tide,2000,/film/time-and-tide/,6
Trás-os-Montes,1976,/film/tras-os-montes/,6
Under Capricorn,1949,/film/under-capricorn/,6
All My Life,1966,/film/all-my-life-1966/,6
Cœur fidèle,1923,/film/cur-fidele/,6
Daisies,1966,/film/daisies/,6
Four Adventures of Reinette and Mirabelle,1987,/film/four-adventures-of-reinette-and-mirabelle/,6
Groundhog Day,1993,/film/groundhog-day/,6
Hail Mary,1985,/film/hail-mary/,6
Hatari!,1962,/film/hatari/,6
Kwaidan,1964,/film/kwaidan/,6
Lancelot of the Lake,1974,/film/lancelot-of-the-lake/,6
Me and My Gal,1932,/film/me-and-my-gal/,6
Moonrise,1948,/film/moonrise/,6
Only Yesterday,1991,/film/only-yesterday/,6
Pauline at the Beach,1983,/film/pauline-at-the-beach/,6
Soft Fiction,1979,/film/soft-fiction/,6
"Suddenly, Last Summer",1959,/film/suddenly-last-summer/,6
The Dreamed Films,2010,/film/the-dreamed-films/,6
The Illiac Passion,1967,/film/the-illiac-passion/,6
The Philadelphia Story,1940,/film/the-philadelphia-story/,6
The Wrong Man,1956,/film/the-wrong-man/,6
These Encounters of Theirs,2006,/film/these-encounters-of-theirs/,6
Twin Peaks: The Return,2017,/film/twin-peaks-the-return/,6
Two for the Road,1967,/film/two-for-the-road/,6
Vive L'Amour,1994,/film/vive-lamour/,6
"Wait Till the Sun Shines, Nellie",1952,/film/wait-till-the-sun-shines-nellie-1952/,6
We're All Still Here,1997,/film/were-all-still-here/,6
Hours for Jerome,1982,/film/hours-for-jerome/,5
Paths of Glory,1957,/film/paths-of-glory/,5
The Bridges of Madison County,1995,/film/the-bridges-of-madison-county/,5
The Ghost and Mrs. Muir,1947,/film/the-ghost-and-mrs-muir/,5
The Hole,1998,/film/the-hole/,5
Wendy and Lucy,2008,/film/wendy-and-lucy/,5
Written on the Wind,1956,/film/written-on-the-wind/,5
A Woman's Revenge,2012,/film/a-womans-revenge-2012/,5
Antigone,1992,/film/antigone-1992/,5
Fort Apache,1948,/film/fort-apache/,5
Kiss Me Deadly,1955,/film/kiss-me-deadly/,5
La Notte,1961,/film/la-notte/,5
Le Tempestaire,1947,/film/le-tempestaire/,5
Les Hautes solitudes,1974,/film/the-high-solitudes/,5
Pain and Glory,2019,/film/pain-and-glory/,5
Scarlet Street,1945,/film/scarlet-street/,5
Suspiria,1977,/film/suspiria/,5
Ten Skies,2004,/film/ten-skies/,5
The Bad and the Beautiful,1952,/film/the-bad-and-the-beautiful/,5
The Leopard,1963,/film/the-leopard/,5
The Theatre of the Matters,1977,/film/the-theatre-of-the-matters/,5
The Trial,1962,/film/the-trial/,5
The Umbrellas of Cherbourg,1964,/film/the-umbrellas-of-cherbourg/,5
Too Early / Too Late,1981,/film/too-early-too-late/,5
Tropical Malady,2004,/film/tropical-malady/,5
Trouble in Paradise,1932,/film/trouble-in-paradise/,5
U.S. Go Home,1994,/film/us-go-home/,5
Vivre Sa Vie,1962,/film/vivre-sa-vie/,5
When Harry Met Sally...,1989,/film/when-harry-met-sally/,5
Where Does Your Hidden Smile Lie?,2001,/film/where-does-your-hidden-smile-lie/,5
Where Is My Friend's House?,1987,/film/where-is-the-friends-house/,5
Zodiac,2007,/film/zodiac/,5
A Child’s Garden and the Serious Sea,1991,/film/a-childs-garden-and-the-serious-sea/,5
A Matter of Life and Death,1946,/film/a-matter-of-life-and-death/,5
Ali: Fear Eats the Soul,1974,/film/ali-fear-eats-the-soul/,5
All About Lily Chou-Chou,2001,/film/all-about-lily-chou-chou/,5
An Autumn Tale,1998,/film/an-autumn-tale/,5
Beau Travail,1999,/film/beau-travail/,5
Benilde or the Virgin Mother,1975,/film/benilde-or-the-virgin-mother/,5
Blood of the Beasts,1949,/film/blood-of-the-beasts/,5
Boogie Nights,1997,/film/boogie-nights/,5
Broadcast News,1987,/film/broadcast-news/,5
Certain Women,2016,/film/certain-women/,5
Condemned,1953,/film/condemned-1953/,5
Days of Hope,1939,/film/days-of-hope/,5
"Dr. Mabuse, the Gambler",1922,/film/dr-mabuse-the-gambler/,5
Early Summer,1951,/film/early-summer/,5
Floating Clouds,1955,/film/floating-clouds/,5
Flowers of Shanghai,1998,/film/flowers-of-shanghai/,5
Grass,2018,/film/grass-2018/,5
"I Was Born, But...",1932,/film/i-was-born-but/,5
Laura,1944,/film/laura/,5
Memoria,2021,/film/memoria-2011/,5
Mikey and Nicky,1976,/film/mikey-and-nicky/,5
Othon,1970,/film/othon/,5
Portrait of Jennie,1948,/film/portrait-of-jennie/,5
Puce Moment,1949,/film/puce-moment/,5
Regular Lovers,2005,/film/regular-lovers/,5
Rope,1948,/film/rope/,5
Scenes from Under Childhood,1970,/film/scenes-from-under-childhood/,5
Simone Barbès or Virtue,1980,/film/simone-barbes-or-virtue/,5
Sometimes a Great Notion,1971,/film/sometimes-a-great-notion/,5
Stranger Than Paradise,1984,/film/stranger-than-paradise/,5
Strangers When We Meet,1960,/film/strangers-when-we-meet/,5
Street of Shame,1956,/film/street-of-shame/,5
Taste of Cherry,1997,/film/taste-of-cherry/,5
The Battle of Algiers,1966,/film/the-battle-of-algiers/,5
The Company of Wolves,1984,/film/the-company-of-wolves/,5
The Double Life of Véronique,1991,/film/the-double-life-of-veronique/,5
The Hustler,1961,/film/the-hustler/,5
The Vampires of Poverty,1977,/film/the-vampires-of-poverty/,5
They All Laughed,1981,/film/they-all-laughed/,5
Train of Shadows,1997,/film/train-of-shadows/,5
Wild Strawberries,1957,/film/wild-strawberries/,5
Young Mr. Lincoln,1939,/film/young-mr-lincoln/,5
eXistenZ,1999,/film/existenz/,5
88:88,2015,/film/88-88-2015/,5
Allures,1961,/film/allures/,5
Beijing Watermelon,1989,/film/beijing-watermelon/,5
Commingled Containers,1996,/film/comingled-containers/,5
Drugstore Romance,1979,/film/drugstore-romance/,5
Hadj Cheriff,1894,/film/hadj-cheriff/,5
"I Was at Home, But . . .",2019,/film/i-was-at-home-but/,5
L’homme atlantique,1981,/film/lhomme-atlantique/,5
Melancholia,2011,/film/melancholia/,5
Oh! Man,2004,/film/oh-man/,5
Providence,1977,/film/providence/,5
Scarface,1932,/film/scarface/,5
Shoah,1985,/film/shoah/,5
Sleep Has Her House,2017,/film/sleep-has-her-house/,5
Solaris,1972,/film/solaris/,5
The Death of Maria Malibran,1972,/film/the-death-of-maria-malibran/,5
The Eleventh Year,1928,/film/the-eleventh-year/,5
The Exiles,1961,/film/the-exiles/,5
The Mill on the Po,1949,/film/the-mill-on-the-po/,5
The Reconquest,2016,/film/the-reconquest/,5
The Shout,1978,/film/the-shout/,5
Year of the Dragon,1985,/film/year-of-the-dragon/,5
Sound of the Mountain,1954,/film/sound-of-the-mountain/,4
A Talking Picture,2003,/film/a-talking-picture/,4
Au Hasard Balthazar,1966,/film/au-hasard-balthazar/,4
Breathless,1960,/film/breathless/,4
Close-Up,1990,/film/close-up/,4
Femme Fatale,2002,/film/femme-fatale/,4
Friday Night,2002,/film/friday-night/,4
Nostalgia,1983,/film/nostalgia-1983/,4
Showgirls,1995,/film/showgirls/,4
Stars in My Crown,1950,/film/stars-in-my-crown/,4
The Happening,2008,/film/the-happening/,4
Under the Skin,2013,/film/under-the-skin-2013/,4
7 Women,1966,/film/7-women/,4
Arnulf Rainer,1960,/film/arnulf-rainer/,4
Assault on Precinct 13,1976,/film/assault-on-precinct-13/,4
August in the Water,1995,/film/august-in-the-water/,4
Bent Time,1983,/film/bent-time/,4
Blaise Pascal,1972,/film/blaise-pascal/,4
Cinema Paradiso,1988,/film/cinema-paradiso/,4
City Girl,1930,/film/city-girl/,4
Dead Ringers,1988,/film/dead-ringers/,4
Enamorada,1946,/film/enamorada/,4
Entranced Earth,1967,/film/entranced-earth/,4
Frisco Jenny,1932,/film/frisco-jenny/,4
Fuego en Castilla (Tactilvisión del páramo del espanto),1961,/film/fire-in-castilla-tactilvision-from-the-moor-of-the-fright/,4
Grand Illusion,1937,/film/grand-illusion/,4
Home from the Hill,1960,/film/home-from-the-hill/,4
In Front of Your Face,2021,/film/in-front-of-your-face/,4
In a Year with 13 Moons,1978,/film/in-a-year-with-13-moons/,4
Inferno,1980,/film/inferno-1980/,4
Invasion of the Body Snatchers,1956,/film/invasion-of-the-body-snatchers/,4
Irma Vep,1996,/film/irma-vep/,4
King of New York,1990,/film/king-of-new-york/,4
La Collectionneuse,1967,/film/la-collectionneuse/,4
Le Samouraï,1967,/film/le-samourai/,4
Million Dollar Baby,2004,/film/million-dollar-baby/,4
Nostos: The Return,1989,/film/nostos-the-return/,4
On the Beach at Night Alone,2017,/film/on-the-beach-at-night-alone/,4
Other Men's Women,1931,/film/other-mens-women/,4
Out of the Past,1947,/film/out-of-the-past/,4
Peeping Tom,1960,/film/peeping-tom/,4
Pickpocket,1959,/film/pickpocket/,4
Point Break,1991,/film/point-break/,4
Raging Bull,1980,/film/raging-bull/,4
Route One/USA,1989,/film/route-one-usa/,4
Ruby Gentry,1952,/film/ruby-gentry/,4
Smilin' Through,1941,/film/smilin-through-1941/,4
Sound and Fury,1988,/film/sound-and-fury-1988/,4
That Most Important Thing: Love,1975,/film/that-most-important-thing-love/,4
The Bitter Tea of General Yen,1933,/film/the-bitter-tea-of-general-yen/,4
The Bride of Frankenstein,1935,/film/the-bride-of-frankenstein/,4
The Deer Hunter,1978,/film/the-deer-hunter/,4
The General,1926,/film/the-general/,4
The Graduate,1967,/film/the-graduate/,4
The Lords of Salem,2012,/film/the-lords-of-salem/,4
The Second Night,2016,/film/the-second-night-2016/,4
The Sky Socialist,1968,/film/the-sky-socialist/,4
The Whip and the Body,1963,/film/the-whip-and-the-body/,4
The Women,1939,/film/the-women/,4
They Died with Their Boots On,1941,/film/they-died-with-their-boots-on/,4
Tríptico Elemental de España,1996,/film/triptico-elemental-de-espana/,4
Twenty Years Later,1984,/film/twenty-years-later/,4
Ulysses' Gaze,1995,/film/ulysses-gaze/,4
Unforgiven,1992,/film/unforgiven/,4
We Can't Go Home Again,1973,/film/we-cant-go-home-again/,4
"What Places of Heaven, What Planets Directed, How Long the Effects? or, The General Accidents of the World",2013,/film/what-places-of-heaven-what-planets-directed-how-long-the-effects-or-the-general-accidents-of-the-world/,4
Winchester '73,1950,/film/winchester-73/,4
You Only Live Once,1937,/film/you-only-live-once/,4
¡Que vivan los crotos!,1990,/film/que-vivan-los-crotos/,4
1900,1976,/film/1900/,4
A King in New York,1957,/film/a-king-in-new-york/,4
A Lake,2008,/film/a-lake/,4
All Star Video,1985,/film/all-star-video/,4
Alyonka,1962,/film/alyonka/,4
Anomalisa,2015,/film/anomalisa/,4
Antigone,1958,/film/antigone-1958/,4
Artemide's Knee,2008,/film/artemides-knee/,4
Awaara,1951,/film/awaara/,4
Back to the Future,1985,/film/back-to-the-future/,4
Bamako,2006,/film/bamako/,4
Barren Illusion,1999,/film/barren-illusion/,4
Black Sunday,1960,/film/black-sunday-1960/,4
Brazil,1985,/film/brazil/,4
Captain Kronos: Vampire Hunter,1974,/film/captain-kronos-vampire-hunter/,4
Charade,1963,/film/charade/,4
Children of Paradise,1945,/film/children-of-paradise/,4
Collateral,2004,/film/collateral/,4
Dangerous Encounters of the First Kind,1980,/film/dangerous-encounters-of-the-first-kind/,4
Days of Wine and Roses,1962,/film/days-of-wine-and-roses/,4
"Distant Voices, Still Lives",1988,/film/distant-voices-still-lives/,4
Drug War,2012,/film/drug-war/,4
Fireworks,2000,/film/fireworks-2000/,4
Force of Evil,1948,/film/force-of-evil/,4
Gaucín,2020,/film/gaucin/,4
Harlan County U.S.A.,1976,/film/harlan-county-usa/,4
Honour of the Knights,2006,/film/honour-of-the-knights/,4
I Know Where I'm Going!,1945,/film/i-know-where-im-going/,4
India: Matri Bhumi,1959,/film/india-matri-bhumi/,4
It Happened One Night,1934,/film/it-happened-one-night/,4
"Ivan the Terrible, Part II: The Boyars' Plot",1958,/film/ivan-the-terrible-part-ii-the-boyars-plot/,4
"Je, Tu, Il, Elle",1974,/film/je-tu-il-elle/,4
L'Enfant secret,1982,/film/secret-child/,4
Lacrima Christi,1980,/film/lacrima-christi/,4
Lady Windermere's Fan,1925,/film/lady-windermeres-fan/,4
Let's Go with Pancho Villa!,1936,/film/lets-go-with-pancho-villa/,4
Level Five,1997,/film/level-five/,4
Modern Times,1936,/film/modern-times/,4
Mon Oncle,1958,/film/mon-oncle/,4
Mother and Son,1997,/film/mother-and-son/,4
My Ain Folk,1973,/film/my-ain-folk/,4
My Childhood,1972,/film/my-childhood/,4
My Way Home,1978,/film/my-way-home-1978/,4
Nocturama,2016,/film/nocturama/,4
Nouvelle Vague,1990,/film/nouvelle-vague/,4
Once Upon a Time in America,1984,/film/once-upon-a-time-in-america/,4
Onibaba,1964,/film/onibaba/,4
Out-Takes from the Life of a Happy Man,2012,/film/out-takes-from-the-life-of-a-happy-man/,4
Pajarito Gómez,1965,/film/pajarito-gomez/,4
Prelude,1996,/film/prelude-1996/,4
Pulp Fiction,1994,/film/pulp-fiction/,4
Rab Ne Bana Di Jodi,2008,/film/rab-ne-bana-di-jodi/,4
Red Desert,1964,/film/red-desert/,4
Reflections of Evil,2002,/film/reflections-of-evil/,4
Remember to Live,1953,/film/remember-to-live/,4
Repulsion,1965,/film/repulsion/,4
"Roulement, rouerie, aubage",1978,/film/roulement-rouerie-aubage/,4
Runaway,2010,/film/runaway-2010/,4
Running Out of Time,1999,/film/running-out-of-time/,4
Scénario du film Passion,1982,/film/scenario-du-film-passion/,4
Siddheshwari,1990,/film/siddheshwari/,4
Son nom de Venise dans Calcutta désert,1976,/film/son-nom-de-venise-dans-calcutta-desert/,4
Street Angel,1928,/film/street-angel/,4
Street Scene,1931,/film/street-scene/,4
Sullivan's Travels,1941,/film/sullivans-travels/,4
Take My Eyes,2003,/film/take-my-eyes/,4
Temenos,1998,/film/temenos/,4
The 400 Blows,1959,/film/the-400-blows/,4
The Big Parade,1925,/film/the-big-parade/,4
The Blood Spattered Bride,1972,/film/the-blood-spattered-bride/,4
The Boxer's Omen,1983,/film/the-boxers-omen/,4
The Great Art of Knowing,2004,/film/the-great-art-of-knowing/,4
The Great Beauty,2013,/film/the-great-beauty/,4
The Hart of London,1970,/film/the-hart-of-london/,4
The Inner Scar,1972,/film/the-inner-scar/,4
The Lighted Field,1987,/film/the-lighted-field/,4
The Lovers on the Bridge,1991,/film/the-lovers-on-the-bridge/,4
The Moon in the Gutter,1983,/film/the-moon-in-the-gutter/,4
The Stone Tape,1972,/film/the-stone-tape/,4
The Sun Shines Bright,1953,/film/the-sun-shines-bright/,4
The Tales of Hoffmann,1951,/film/the-tales-of-hoffmann/,4
"The Tree, the Mayor and the Mediatheque",1993,/film/the-tree-the-mayor-and-the-mediatheque/,4
The Unchanging Sea,1910,/film/the-unchanging-sea/,4
The Woman Who Ran,2020,/film/the-woman-who-ran/,4
Three Colors: Red,1994,/film/three-colors-red/,4
Three Comrades,1938,/film/three-comrades/,4
Trust,1990,/film/trust/,4
Two Cents Worth of Hope,1952,/film/two-cents-worth-of-hope/,4
Unstoppable,2010,/film/unstoppable-2010/,4
Whisper of the Heart,1995,/film/whisper-of-the-heart/,4
Yellow Sky,1948,/film/yellow-sky/,4
Zorns Lemma,1970,/film/zorns-lemma/,4
‘Rameau’s Nephew’ by Diderot (Thanx to Dennis Young) by Wilma Schoen,1974,/film/rameaus-nephew-by-diderot-thanx-to-dennis-young-by-wilma-schoen/,4
Chinatown,1974,/film/chinatown/,3
Cría cuervos…,1976,/film/cria-cuervos/,3
Illuminated Texts,1982,/film/illuminated-texts/,3
Island of Loves,1982,/film/island-of-loves/,3
Letter from an Unknown Woman,1948,/film/letter-from-an-unknown-woman/,3
The House Is Black,1963,/film/the-house-is-black/,3
12 Angry Men,1957,/film/12-angry-men/,3
A Perfect World,1993,/film/a-perfect-world/,3
Blissfully Yours,2002,/film/blissfully-yours/,3
Casablanca,1942,/film/casablanca/,3
Chet Baker: Let's Get Lost,1988,/film/lets-get-lost-1988/,3
Chilly Scenes of Winter,1979,/film/chilly-scenes-of-winter/,3
Come and See,1985,/film/come-and-see/,3
Day of the Outlaw,1959,/film/day-of-the-outlaw/,3
Double Indemnity,1944,/film/double-indemnity/,3
Eight Hours Don’t Make a Day,1972,/film/eight-hours-dont-make-a-day/,3
Eternal Sunshine of the Spotless Mind,2004,/film/eternal-sunshine-of-the-spotless-mind/,3
Green Snake,1993,/film/green-snake/,3
Gummo,1997,/film/gummo/,3
Hannah and Her Sisters,1986,/film/hannah-and-her-sisters/,3
Hapax Legomena I: (nostalgia),1971,/film/hapax-legomena-i-nostalgia/,3
Husbands,1970,/film/husbands/,3
I've Always Loved You,1946,/film/ive-always-loved-you/,3
Lake Mungo,2008,/film/lake-mungo/,3
"Life, and Nothing More...",1992,/film/life-and-nothing-more/,3
Ludwig,1973,/film/ludwig/,3
Manhattan,1979,/film/manhattan/,3
On Top of the Whale,1982,/film/on-top-of-the-whale/,3
Our Lady of Paris,1982,/film/our-lady-of-paris/,3
Outer Space,1999,/film/outer-space/,3
Passion,2012,/film/passion-2012/,3
Poem of the Sea,1958,/film/poem-of-the-sea/,3
Ride Lonesome,1959,/film/ride-lonesome/,3
Rosa de Areia,1989,/film/rosa-de-areia/,3
Satantango,1994,/film/satantango/,3
Singin' in the Rain,1952,/film/singin-in-the-rain/,3
Syndromes and a Century,2006,/film/syndromes-and-a-century/,3
Tale of Tales,1979,/film/tale-of-tales/,3
"That Day, on the Beach",1983,/film/that-day-on-the-beach/,3
The Beyond,1981,/film/the-beyond/,3
The Big Lebowski,1998,/film/the-big-lebowski/,3
The Children's Hour,1961,/film/the-childrens-hour/,3
The Doom Generation,1995,/film/the-doom-generation/,3
The Ground,2001,/film/the-ground/,3
The Innocents,1961,/film/the-innocents/,3
The Love of a Woman,1953,/film/the-love-of-a-woman/,3
The Master,2012,/film/the-master-2012/,3
The Match Factory Girl,1990,/film/the-match-factory-girl/,3
The Passenger,1975,/film/the-passenger/,3
The Seventh Seal,1957,/film/the-seventh-seal/,3
The Tale of the Princess Kaguya,2013,/film/the-tale-of-the-princess-kaguya/,3
The Treasure of the Sierra Madre,1948,/film/the-treasure-of-the-sierra-madre/,3
Underground,1995,/film/underground-1995/,3
Voices Through Time,1996,/film/voices-through-time/,3
Zero for Conduct,1933,/film/zero-for-conduct-1933/,3
4:44 Last Day on Earth,2011,/film/4-44-last-day-on-earth/,3
A Camel,1981,/film/a-camel/,3
A Dark Song,2016,/film/a-dark-song/,3
A Good Lad,1943,/film/a-good-lad/,3
Abraham Lincoln,1930,/film/abraham-lincoln/,3
Acto da Primavera,1963,/film/acto-da-primavera/,3
After Hours,1985,/film/after-hours/,3
"Aguirre, the Wrath of God",1972,/film/aguirre-the-wrath-of-god/,3
All About My Mother,1999,/film/all-about-my-mother/,3
Anatomy of a Murder,1959,/film/anatomy-of-a-murder/,3
"As Above, So Below",1973,/film/as-above-so-below/,3
Basic Instinct,1992,/film/basic-instinct/,3
"Baxter, Vera Baxter",1977,/film/baxter-vera-baxter/,3
Bells Are Ringing,1960,/film/bells-are-ringing/,3
Bob & Carol & Ted & Alice,1969,/film/bob-carol-ted-alice/,3
Boom!,1968,/film/boom-1968/,3
Brand Upon the Brain!,2006,/film/brand-upon-the-brain/,3
Cabaret,1972,/film/cabaret/,3
Cardcaptor Sakura: The Sealed Card,2000,/film/cardcaptor-sakura-the-sealed-card/,3
Cat People,1942,/film/cat-people/,3
Chronicle of a Boy Alone,1965,/film/chronicle-of-a-boy-alone/,3
Citizen Kane,1941,/film/citizen-kane/,3
Claire's Knee,1970,/film/claires-knee/,3
Class Relations,1984,/film/class-relations/,3
Copacabana Mon Amour,1970,/film/copacabana-mon-amour/,3
"Cuadecuc, Vampir",1971,/film/vampir-cuadecuc/,3
Daguerréotypes,1975,/film/daguerreotypes/,3
Death in Venice,1971,/film/death-in-venice/,3
Depression Focus Please,1984,/film/depression-focus-please/,3
Drifter,2010,/film/drifter-2010/,3
Election,2005,/film/election-2005/,3
End,1992,/film/end-1992/,3
Enter the Void,2009,/film/enter-the-void/,3
Eternity and a Day,1998,/film/eternity-and-a-day/,3
Etienne-Jules Marey: Chronophotographic Films 1890-1904,2007,/film/etienne-jules-marey-chronophotographic-films-1890-1904/,3
Every Revolution Is a Throw of the Dice,1977,/film/every-revolution-is-a-throw-of-the-dice/,3
Exiled,2006,/film/exiled/,3
Fantastic Planet,1973,/film/fantastic-planet/,3
Fata Morgana,1971,/film/fata-morgana/,3
Faustfilm: An Opera: Part I,1987,/film/faustfilm-an-opera-part-i/,3
Ferris Bueller's Day Off,1986,/film/ferris-buellers-day-off/,3
Freighters of Destiny,1980,/film/freighters-of-destiny-1980/,3
"Goodbye South, Goodbye",1996,/film/goodbye-south-goodbye/,3
Grave of the Fireflies,1988,/film/grave-of-the-fireflies/,3
"H.M. Pulham, Esq.",1941,/film/hm-pulham-esq/,3
Hawks and Sparrows,1966,/film/the-hawks-and-the-sparrows/,3
Here and Elsewhere,1976,/film/here-and-elsewhere/,3
I Don't Want to Be a Man,1918,/film/i-dont-want-to-be-a-man/,3
I'd Climb the Highest Mountain,1951,/film/id-climb-the-highest-mountain/,3
In Vanda's Room,2000,/film/in-vandas-room/,3
Intolerance: Love's Struggle Throughout the Ages,1916,/film/intolerance-loves-struggle-throughout-the-ages/,3
Jumping,1984,/film/jumping/,3
Key,1968,/film/key-1968/,3
La Ciénaga,2001,/film/la-cienaga/,3
La La Land,2016,/film/la-la-land/,3
La Visiteuse,1981,/film/la-visiteuse/,3
Leolo,1992,/film/leolo/,3
Liebelei,1933,/film/liebelei/,3
Limbo,2021,/film/limbo-2021/,3
Live to Live,2015,/film/live-to-live/,3
Living in Shadows,1949,/film/living-in-shadows/,3
Lonesome,1928,/film/lonesome/,3
Los Montes,1982,/film/los-montes/,3
Lou Didn't Say No,1994,/film/lou-didnt-say-no/,3
Love Exposure,2008,/film/love-exposure/,3
Love Is Colder Than Death,1969,/film/love-is-colder-than-death/,3
Love Torn in Dreams,2000,/film/love-torn-in-dreams/,3
Love and Death,1975,/film/love-and-death/,3
Love on Delivery,1994,/film/love-on-delivery/,3
Make Way for Tomorrow,1937,/film/make-way-for-tomorrow/,3
Margaret,2011,/film/margaret/,3
Mario Banana I,1964,/film/mario-banana-i/,3
Marketa Lazarová,1967,/film/marketa-lazarova/,3
Merrily We Go to Hell,1932,/film/merrily-we-go-to-hell/,3
"Merry Christmas, Mr. Lawrence",1983,/film/merry-christmas-mr-lawrence/,3
Milk and Glass,1993,/film/milk-and-glass/,3
Ministry of Fear,1944,/film/ministry-of-fear/,3
Monkey Business,1952,/film/monkey-business-1952/,3
Moonfleet,1955,/film/moonfleet/,3
Morocco,1930,/film/morocco/,3
Next Time We Love,1936,/film/next-time-we-love/,3
Night of the Living Dead,1968,/film/night-of-the-living-dead/,3
On Dangerous Ground,1951,/film/on-dangerous-ground/,3
On the Empty Balcony,1961,/film/on-the-empty-balcony/,3
One Week,1920,/film/one-week/,3
Oriental Elegy,1996,/film/oriental-elegy/,3
Othello,1951,/film/othello-1951/,3
Parasite,2019,/film/parasite-2019/,3
Pastourelle,2010,/film/pastourelle/,3
Perfect Blue,1997,/film/perfect-blue/,3
Persepolis,2007,/film/persepolis/,3
Phantom Thread,2017,/film/phantom-thread/,3
Picnic at Hanging Rock,1975,/film/picnic-at-hanging-rock/,3
Princess Yang Kwei Fei,1955,/film/princess-yang-kwei-fei/,3
Rancho Notorious,1952,/film/rancho-notorious/,3
Red Angel,1966,/film/red-angel/,3
"Right Now, Wrong Then",2015,/film/right-now-wrong-then/,3
Rules of the Road,1993,/film/rules-of-the-road/,3
Run for Cover,1955,/film/run-for-cover/,3
Schindler's List,1993,/film/schindlers-list/,3
School of Rock,2003,/film/school-of-rock/,3
Scream,1996,/film/scream/,3
Short Cuts,1993,/film/short-cuts/,3
Silvia Prieto,1999,/film/silvia-prieto/,3
Small Axe,2020,/film/small-axe/,3
Snow White,2000,/film/snow-white-2000/,3
Sorrows,1969,/film/sorrows/,3
Star Wars: Episode II - Attack of the Clones,2002,/film/star-wars-episode-ii-attack-of-the-clones/,3
Still in Cosmos,2009,/film/still-in-cosmos/,3
Summer with Monika,1953,/film/summer-with-monika/,3
The Adventures of Prince Achmed,1926,/film/the-adventures-of-prince-achmed/,3
The August Virgin,2019,/film/the-august-virgin/,3
The Birds,1963,/film/the-birds/,3
The Blackcoat's Daughter,2015,/film/the-blackcoats-daughter/,3
The Cardinal,1963,/film/the-cardinal/,3
The Country Doctor,1909,/film/the-country-doctor/,3
The Criminal Life of Archibaldo de la Cruz,1955,/film/the-criminal-life-of-archibaldo-de-la-cruz/,3
The Death of Empedocles,1987,/film/the-death-of-empedocles/,3
The Devils,1971,/film/the-devils/,3
The Eighties,1983,/film/the-eighties/,3
The General Line,1929,/film/the-general-line/,3
The Horse Soldiers,1959,/film/the-horse-soldiers/,3
The Incident,1967,/film/the-incident/,3
The Last Sunset,1961,/film/the-last-sunset/,3
The Letter,1999,/film/the-letter-1999/,3
The Lord of the Rings: The Fellowship of the Ring,2001,/film/the-lord-of-the-rings-the-fellowship-of-the-ring/,3
The Magnificent Ambersons,1942,/film/the-magnificent-ambersons/,3
The Man Without a Past,2002,/film/the-man-without-a-past/,3
The Naked Island,1960,/film/the-naked-island/,3
The Poughkeepsie Tapes,2007,/film/the-poughkeepsie-tapes/,3
The Quince Tree Sun,1992,/film/the-quince-tree-sun/,3
The Salvation Hunters,1925,/film/the-salvation-hunters/,3
The Shepherd of the Hills,1941,/film/the-shepherd-of-the-hills/,3
The Silence of Others,2018,/film/the-silence-of-others/,3
The Soft Skin,1964,/film/the-soft-skin/,3
The Strawberry Blonde,1941,/film/the-strawberry-blonde/,3
The Unspeakable Act,2012,/film/the-unspeakable-act/,3
Them!,1954,/film/them/,3
Tiovivo c. 1950,2004,/film/tiovivo-c-1950/,3
Toby Dammit,1968,/film/toby-dammit/,3
Turner,1987,/film/turner/,3
Visaranai,2015,/film/visaranai/,3
We Spin Around the Night Consumed by the Fire,1978,/film/we-spin-around-the-night-consumed-by-the-fire/,3
What Time Is It There?,2001,/film/what-time-is-it-there/,3
While the City Sleeps,1956,/film/while-the-city-sleeps/,3
Who Framed Roger Rabbit,1988,/film/who-framed-roger-rabbit/,3
Work Done,1973,/film/work-done/,3
You've Got Mail,1998,/film/youve-got-mail/,3
Z,1969,/film/z/,3
Zama,2017,/film/zama/,3
3 Women,1977,/film/3-women/,2
A Streetcar Named Desire,1951,/film/a-streetcar-named-desire/,2
Barrabas,1919,/film/barrabas/,2
Black Sky,1951,/film/black-sky/,2
Boyfriends and Girlfriends,1987,/film/boyfriends-and-girlfriends/,2
Cloak and Dagger,1946,/film/cloak-and-dagger/,2
Dog Star Man,1965,/film/dog-star-man/,2
Gentleman Jim,1942,/film/gentleman-jim/,2
"Hail, Sarajevo",1993,/film/hail-sarajevo/,2
Halloween II,2009,/film/halloween-ii/,2
Hand Held Day,1975,/film/hand-held-day/,2
Il Posto,1961,/film/il-posto/,2
In Praise of Love,2001,/film/in-praise-of-love/,2
Judex,1963,/film/judex-1963/,2
Jules and Jim,1962,/film/jules-and-jim/,2
"La Commune (Paris, 1871)",2000,/film/la-commune-paris-1871/,2
La Dolce Vita,1960,/film/la-dolce-vita/,2
Les Deux mémoires,1974,/film/les-deux-memoires/,2
Mamma Roma,1962,/film/mamma-roma/,2
Monsieur Hulot's Holiday,1953,/film/monsieur-hulots-holiday/,2
Mountains May Depart,2015,/film/mountains-may-depart/,2
Mystic River,2003,/film/mystic-river/,2
Platform,2000,/film/platform/,2
Raising Cain,1992,/film/raising-cain/,2
Shadow of a Doubt,1943,/film/shadow-of-a-doubt/,2
Skagafjördur,2004,/film/skagafjordur/,2
Smorgasbord,1983,/film/smorgasbord/,2
Spring Breakers,2012,/film/spring-breakers/,2
Tabu,2012,/film/tabu/,2
The Age of Innocence,1993,/film/the-age-of-innocence/,2
The Bellboy,1960,/film/the-bellboy/,2
The Kid,1921,/film/the-kid/,2
The Set-Up,1949,/film/the-set-up/,2
The Tall T,1957,/film/the-tall-t/,2
The Tenant,1976,/film/the-tenant/,2
The Village,2004,/film/the-village/,2
The World of Apu,1959,/film/apur-sansar/,2
Tree of Knowledge,1981,/film/tree-of-knowledge/,2
Tristana,1970,/film/tristana/,2
Under the Silver Lake,2018,/film/under-the-silver-lake/,2
"Up, Down, Fragile",1995,/film/up-down-fragile/,2
Van Gogh,1991,/film/van-gogh/,2
Variations,1998,/film/variations-1998/,2
Work in Progress,2001,/film/work-in-progress/,2
Yojimbo,1961,/film/yojimbo/,2
025 Sunset Red,2016,/film/025-sunset-red/,2
25th Hour,2002,/film/25th-hour/,2
930,2006,/film/930/,2
A Bride for Rip Van Winkle,2016,/film/a-bride-for-rip-van-winkle/,2
A Margem,1967,/film/the-margin/,2
A Page of Madness,1926,/film/a-page-of-madness/,2
A Short Film About Love,1988,/film/a-short-film-about-love/,2
A Time to Love and a Time to Die,1958,/film/a-time-to-love-and-a-time-to-die/,2
Abraham's Valley,1993,/film/abrahams-valley/,2
Actus,1986,/film/actus/,2
Ae Dil Hai Mushkil,2016,/film/ae-dil-hai-mushkil/,2
All About Eve,1950,/film/all-about-eve/,2
An American Tragedy,1931,/film/an-american-tragedy/,2
Annie Hall,1977,/film/annie-hall/,2
Anybody's Woman,1981,/film/anybodys-woman-1981/,2
Arabian Nights,2015,/film/arabian-nights-volume-1-the-restless-one/,2
At the Horizon,2017,/film/at-the-horizon-2017/,2
Audition,1999,/film/audition/,2
BU・SU,1987,/film/busu/,2
Babel - A Letter to My Friends Left Behind in Belgium,1991,/film/babel-a-letter-to-my-friends-left-behind-in-belgium/,2
Bad Lieutenant,1992,/film/bad-lieutenant/,2
Before Sunrise,1995,/film/before-sunrise/,2
Best in Show,2000,/film/best-in-show/,2
Blight,1996,/film/blight/,2
Boyz n the Hood,1991,/film/boyz-n-the-hood/,2
Branded to Kill,1967,/film/branded-to-kill/,2
Breezy,1973,/film/breezy/,2
Calle 54,2000,/film/calle-54/,2
Carriage to Vienna,1966,/film/carriage-to-vienna/,2
Children in the Wind,1937,/film/children-in-the-wind/,2
Chronicle of Anna Magdalena Bach,1968,/film/chronicle-of-anna-magdalena-bach/,2
Circle of Danger,1951,/film/circle-of-danger/,2
City of God,1997,/film/city-of-god-1997/,2
Cléo from 5 to 7,1962,/film/cleo-from-5-to-7/,2
Colorado Territory,1949,/film/colorado-territory/,2
Conversation Piece,1974,/film/conversation-piece/,2
Crime Wave,1985,/film/crime-wave-1985/,2
Cry When It Happens,2010,/film/cry-when-it-happens/,2
Crystal,1988,/film/crystal-1988/,2
Dear Mr. Fukuma,1993,/film/dear-mr-fukuma/,2
Dekalog,1989,/film/dekalog/,2
Demons,1971,/film/demons-1971/,2
Diabolique,1955,/film/diabolique-1955/,2
Dracula,1992,/film/bram-stokers-dracula/,2
Duck Amuck,1953,/film/duck-amuck/,2
Duelle,1976,/film/duelle/,2
E.T. the Extra-Terrestrial,1982,/film/et-the-extra-terrestrial/,2
Easy A,2010,/film/easy-a/,2
Eega,2012,/film/eega/,2
Elephant,1989,/film/elephant/,2
Ethel & Ernest,2016,/film/ethel-ernest/,2
Every Song Is About Me,2010,/film/every-song-is-about-me/,2
Everybody Wants Some!!,2016,/film/everybody-wants-some/,2
Everybody's Woman,1934,/film/everybodys-woman/,2
Faces,1968,/film/faces-1968/,2
Fake Fruit Factory,1986,/film/fake-fruit-factory/,2
Fallen Angels,1995,/film/fallen-angels/,2
Femmes femmes,1974,/film/femmes-femmes/,2
Film,1965,/film/film/,2
Film Is. 1-12,2004,/film/film-is-1-12/,2
First Cow,2019,/film/first-cow/,2
Five-Year Diary,1982,/film/five-year-diary/,2
Foolish Wives,1922,/film/foolish-wives/,2
Fountain,2000,/film/fountain-2000/,2
Fragment of Seeking,1946,/film/fragment-of-seeking/,2
From the Life of the Marionettes,1980,/film/from-the-life-of-the-marionettes/,2
Ganja & Hess,1973,/film/ganja-hess/,2
Girls of the Night,1961,/film/girls-of-the-night/,2
Go! Go! Go!,1964,/film/go-go-go/,2
Guilt,1988,/film/guilt-1988/,2
Géminga,2003,/film/geminga/,2
He Who Gets Slapped,1924,/film/he-who-gets-slapped/,2
Honkytonk Man,1982,/film/honkytonk-man/,2
House of Usher,1960,/film/house-of-usher/,2
I Hired a Contract Killer,1990,/film/i-hired-a-contract-killer/,2
Ikiru,1952,/film/ikiru/,2
Inception,2010,/film/inception/,2
Indiana Jones and the Last Crusade,1989,/film/indiana-jones-and-the-last-crusade/,2
Inside Llewyn Davis,2013,/film/inside-llewyn-davis/,2
Inside Out,2015,/film/inside-out-2015/,2
Jab Harry Met Sejal,2017,/film/jab-harry-met-sejal/,2
Jamon Jamon,1992,/film/jamon-jamon/,2
Kaldalon,1971,/film/kaldalon/,2
Kuroneko,1968,/film/kuroneko/,2
L'homme qui tousse,1969,/film/lhomme-qui-tousse/,2
La París,2018,/film/la-paris/,2
Las verdes praderas,1979,/film/las-verdes-praderas/,2
Les Misérables - Manhunt,1948,/film/les-miserables-manhunt/,2
Life Ahead,1958,/film/life-ahead/,2
Lili,1953,/film/lili/,2
Little Otik,2000,/film/little-otik/,2
Little Women,2019,/film/little-women-2019/,2
Looking for Mr. Goodbar,1977,/film/looking-for-mr-goodbar/,2
Love Affair,1939,/film/love-affair-1939/,2
Love Under the Crucifix,1962,/film/love-under-the-crucifix/,2
Love at Sea,1964,/film/love-at-sea-1964/,2
Main Street,1956,/film/main-street-1956/,2
Mammame,1986,/film/mammame/,2
Manhunter,1986,/film/manhunter/,2
Martin Eden,2019,/film/martin-eden-2019/,2
Maya,1979,/film/maya-1979/,2
Memories of Murder,2003,/film/memories-of-murder/,2
Metropolis,1927,/film/metropolis/,2
Milestones,1975,/film/milestones/,2
Miss Oyu,1951,/film/miss-oyu/,2
Misunderstood,1967,/film/misunderstood-1966/,2
Mobile Men,2008,/film/mobile-men/,2
Mommy,2014,/film/mommy-2014/,2
Morvern Callar,2002,/film/morvern-callar/,2
Ms .45,1981,/film/ms-45/,2
Night Wind,1999,/film/the-wind-of-the-night/,2
Night and the City,1950,/film/night-and-the-city/,2
Nightfall,1956,/film/nightfall/,2
Nine Letters to Berta,1966,/film/nine-letters-to-berta/,2
Ninotchka,1939,/film/ninotchka/,2
ORG,1979,/film/org/,2
October (Ten Days that Shook the World),1927,/film/october-ten-days-that-shook-the-world/,2
Once Upon a Time in Anatolia,2011,/film/once-upon-a-time-in-anatolia/,2
One Way or Another,1977,/film/one-way-or-another-1977/,2
Opera,1987,/film/opera/,2
Otherwise Unexplained Fires,1976,/film/otherwise-unexplained-fires/,2
Our Sunhi,2013,/film/our-sunhi/,2
Paprika,2006,/film/paprika-2006/,2
Passage Through: A Ritual,1990,/film/passage-through-a-ritual/,2
Pat Garrett & Billy the Kid,1973,/film/pat-garrett-billy-the-kid/,2
Pine Flat,2006,/film/pine-flat/,2
Pink Flamingos,1972,/film/pink-flamingos/,2
Polly One,2017,/film/polly-one/,2
Ponyo,2008,/film/ponyo/,2
Porto das Caixas,1963,/film/porto-das-caixas/,2
Post Tenebras Lux,2012,/film/post-tenebras-lux/,2
Profit Motive and the Whispering Wind,2007,/film/profit-motive-and-the-whispering-wind/,2
Puchuncaví,2014,/film/puchuncavi/,2
Ray of Sunshine,1933,/film/ray-of-sunshine-1933/,2
Rebecca,1940,/film/rebecca/,2
Red Line 7000,1965,/film/red-line-7000/,2
Red River,1948,/film/red-river/,2
Remember the Night,1940,/film/remember-the-night/,2
Reminiscences of a Journey to Lithuania,1972,/film/reminiscences-of-a-journey-to-lithuania/,2
Resident Evil: Retribution,2012,/film/resident-evil-retribution/,2
Retribution,2006,/film/retribution/,2
"Rome, Open City",1945,/film/rome-open-city/,2
Romeo + Juliet,1996,/film/romeo-juliet-1996/,2
Running on Karma,2003,/film/running-on-karma/,2
Ryan's Daughter,1970,/film/ryans-daughter/,2
Samsara,2011,/film/samsara-2011/,2
Saturday Night Fever,1977,/film/saturday-night-fever/,2
Scala Milan AC,2005,/film/scala-milan-ac/,2
Secret Defense,1998,/film/secret-defense/,2
Side/Walk/Shuttle,1992,/film/side-walk-shuttle/,2
Space,1965,/film/space-1965/,2
Sparrow,2008,/film/sparrow/,2
Spider-Man 2,2004,/film/spider-man-2/,2
Spies,1928,/film/spies/,2
Stockholm,2013,/film/stockholm/,2
Sullivan's Banks,2001,/film/sullivans-banks/,2
Sweet Smell of Success,1957,/film/sweet-smell-of-success/,2
Tales from the Hood,1995,/film/tales-from-the-hood/,2
Tennessee's Partner,1955,/film/tennessees-partner/,2
The Abominable Dr. Phibes,1971,/film/the-abominable-dr-phibes/,2
The Age of the Medici,1972,/film/the-age-of-the-medici/,2
The Ambulance,1990,/film/the-ambulance/,2
The Barefoot Contessa,1954,/film/the-barefoot-contessa/,2
The Beach Bum,2019,/film/the-beach-bum/,2
The Birth of a Nation,1915,/film/the-birth-of-a-nation/,2
The Bitter Tears of Petra von Kant,1972,/film/the-bitter-tears-of-petra-von-kant/,2
The Blood of a Poet,1932,/film/the-blood-of-a-poet/,2
The Bridge of Arts,2004,/film/the-bridge-of-arts/,2
The Cameraman,1928,/film/the-cameraman/,2
The Cool World,1963,/film/the-cool-world/,2
"The Devil, Probably",1977,/film/the-devil-probably/,2
The Enclosed Valley,1995,/film/the-enclosed-valley/,2
The Family,1987,/film/the-family-1987/,2
The Good Fairy,1935,/film/the-good-fairy/,2
The Good Girls,1960,/film/the-good-girls-1960/,2
The Good Love,1963,/film/the-good-love/,2
The Greatest Show on Earth,1952,/film/the-greatest-show-on-earth/,2
The Heartbreak Kid,1972,/film/the-heartbreak-kid-1972/,2
The Hero,1966,/film/the-hero-1966/,2
The Hour of the Furnaces,1968,/film/the-hour-of-the-furnaces/,2
The House in the Woods,1971,/film/the-house-in-the-woods-1971/,2
The Hunt,1966,/film/the-hunt-1966/,2
The Image Book,2018,/film/the-image-book/,2
The Joy of Learning,1969,/film/the-joy-of-learning/,2
The Last Movie,1971,/film/the-last-movie/,2
The Last Picture Show,1971,/film/the-last-picture-show/,2
The Lion Sleeps Tonight,2017,/film/the-lion-sleeps-tonight/,2
The Lost City of Z,2016,/film/the-lost-city-of-z/,2
The Love Witch,2016,/film/the-love-witch/,2
The Lusty Men,1952,/film/the-lusty-men/,2
The Mad Songs of Fernanda Hussein,2001,/film/the-mad-songs-of-fernanda-hussein/,2
The Marriage of Maria Braun,1979,/film/the-marriage-of-maria-braun/,2
The Mirage,1992,/film/the-mirage-1992/,2
The Mission,1999,/film/the-mission-1999/,2
The Music Room,1958,/film/the-music-room/,2
The Place Beyond the Pines,2012,/film/the-place-beyond-the-pines/,2
The Rendez-Vous of Déjà-Vu,2013,/film/the-rendez-vous-of-deja-vu/,2
The Rules of Attraction,2002,/film/the-rules-of-attraction/,2
The Secret of NIMH,1982,/film/the-secret-of-nimh/,2
The Silence of the Sea,1949,/film/the-silence-of-the-sea/,2
The Son's Room,2001,/film/the-sons-room/,2
The Song of Bernadette,1943,/film/the-song-of-bernadette/,2
The Story of Marie and Julien,2003,/film/the-story-of-marie-and-julien/,2
The Swimmer,1968,/film/the-swimmer/,2
The Tarnished Angels,1957,/film/the-tarnished-angels/,2
The Thing,1982,/film/the-thing/,2
The Traitor,2019,/film/the-traitor-2019/,2
The Traveler,1974,/film/the-traveller-1974/,2
The Wedding March,1928,/film/the-wedding-march/,2
The White Rose,1967,/film/the-white-rose/,2
The Wild Bunch,1969,/film/the-wild-bunch/,2
The Wind Will Carry Us,1999,/film/the-wind-will-carry-us/,2
The Wings of Eagles,1957,/film/the-wings-of-eagles/,2
The Wishful Thinkers,2013,/film/the-wishful-thinkers/,2
There Will Be Blood,2007,/film/there-will-be-blood/,2
They Were Expendable,1945,/film/they-were-expendable/,2
Threads,1984,/film/threads/,2
Three Crowns of the Sailor,1983,/film/three-crowns-of-the-sailor/,2
Through the Ruins,1982,/film/through-the-ruins/,2
"Throw Away Your Books, Rally in the Streets",1971,/film/throw-away-your-books-rally-in-the-streets/,2
Tie Xi Qu: West of the Tracks,2002,/film/tie-xi-qu-west-of-the-tracks/,2
Tout Va Bien,1972,/film/tout-va-bien/,2
Two Lovers,2008,/film/two-lovers/,2
Underground,1928,/film/underground/,2
Unheimlich II: Astarti,1980,/film/unheimlich-ii-astarti/,2
Valparaiso,1963,/film/valparaiso-1963/,2
Venom and Eternity,1951,/film/venom-and-eternity/,2
Vincere,2009,/film/vincere/,2
Wagon Master,1950,/film/wagon-master/,2
Way Down East,1920,/film/way-down-east/,2
We Are Who We Are,2020,/film/we-are-who-we-are/,2
What Ever Happened to Baby Jane?,1962,/film/what-ever-happened-to-baby-jane/,2
When a Woman Ascends the Stairs,1960,/film/when-a-woman-ascends-the-stairs/,2
Willow Springs,1973,/film/willow-springs/,2
Wings of Desire,1987,/film/wings-of-desire/,2
Winter Light,1963,/film/winter-light/,2
Witness,1985,/film/witness/,2
Women in Love,1969,/film/women-in-love/,2
Zefiro Torna or Scenes from the Life of George Maciunas (Fluxus),1992,/film/zefiro-torna-or-scenes-from-the-life-of-george-maciunas-fluxus/,2
Zero Dark Thirty,2012,/film/zero-dark-thirty/,2
Zone,1995,/film/zone/,2
… ere erera baleibu izik subua aruaren…,1970,/film/ere-erera-baleibu-izik-subua-aruaren/,2
'R Xmas,2001,/film/r-xmas/,1
'Til Madness Do Us Part,2013,/film/til-madness-do-us-part/,1
2012,2009,/film/2012/,1
3/60: Trees in Autumn,1960,/film/3-60-trees-in-autumn/,1
35 Shots of Rum,2008,/film/35-shots-of-rum/,1
A Confucian Confusion,1994,/film/a-confucian-confusion/,1
A Grin Without a Cat,1977,/film/a-grin-without-a-cat/,1
A Lullaby to the Sorrowful Mystery,2016,/film/a-lullaby-to-the-sorrowful-mystery/,1
A Night at the Opera,1935,/film/a-night-at-the-opera/,1
A Summer's Tale,1996,/film/a-summers-tale/,1
A.I. Artificial Intelligence,2001,/film/ai-artificial-intelligence/,1
A.K.A. Serial Killer,1975,/film/aka-serial-killer/,1
Aelita: Queen of Mars,1924,/film/aelita-queen-of-mars/,1
Afrique 50,1950,/film/afrique-50/,1
All Hands on Deck!,2020,/film/all-hands-on-deck-2020/,1
All the Ships at Sea,2004,/film/all-the-ships-at-sea/,1
Allied,2016,/film/allied/,1
An Actor's Revenge,1963,/film/an-actors-revenge/,1
An American Romance,1944,/film/an-american-romance/,1
Anchorman: The Legend of Ron Burgundy,2004,/film/anchorman-the-legend-of-ron-burgundy/,1
And Still I Believe,1974,/film/and-still-i-believe/,1
Angel's Egg,1985,/film/angels-egg/,1
Apologies,1990,/film/apologies/,1
Arcana,1972,/film/arcana/,1
Arima,2019,/film/arima/,1
Arrival,2016,/film/arrival-2016/,1
At Uluru,1978,/film/at-uluru/,1
Autohystoria,2007,/film/autohystoria/,1
Baby Face,1933,/film/baby-face/,1
Bad Education,2004,/film/bad-education/,1
Baltimore,2003,/film/baltimore/,1
Band of Outsiders,1964,/film/band-of-outsiders/,1
Barton Fink,1991,/film/barton-fink/,1
Beggars of Life,1928,/film/beggars-of-life/,1
"Belfast, Maine",1999,/film/belfast-maine/,1
Berlin Alexanderplatz,1980,/film/berlin-alexanderplatz/,1
Beyond the Black Rainbow,2010,/film/beyond-the-black-rainbow/,1
"Black Cat, White Cat",1998,/film/black-cat-white-cat/,1
Black Girl,1966,/film/black-girl-1966/,1
Black Metal Veins,2012,/film/black-metal-veins/,1
Blackhat,2015,/film/blackhat/,1
Blind Spot,1981,/film/blind-spot-1981/,1
Blow-Up,1966,/film/blow-up/,1
Blue Black Permanent,1992,/film/blue-black-permanent/,1
Brasil,1981,/film/brasil/,1
Brave Little Tailor,1938,/film/brave-little-tailor/,1
Bullet Ballet,1998,/film/bullet-ballet/,1
Cafe Noir,2009,/film/cafe-noir/,1
Captain Horatio Hornblower R.N.,1951,/film/captain-horatio-hornblower/,1
Carnival of Souls,1962,/film/carnival-of-souls/,1
Chain,2004,/film/chain/,1
Charlie's Angels,2000,/film/charlies-angels/,1
Charulata,1964,/film/charulata/,1
Cinematic Correspondences: Jonas Mekas - J.L. Guerin,2011,/film/cinematic-correspondences-jonas-mekas-jl-guerin/,1
City of the Living Dead,1980,/film/city-of-the-living-dead/,1
Come Next Spring,1956,/film/come-next-spring/,1
Cop,1988,/film/cop/,1
Correspondences,2016,/film/correspondences/,1
Cuarteto,1978,/film/cuarteto/,1
Dante's Inferno,1911,/film/dantes-inferno-1911/,1
Day for Night,1973,/film/day-for-night/,1
Day of Wrath,1943,/film/day-of-wrath/,1
Day of the Dead,1985,/film/day-of-the-dead/,1
Days,2020,/film/days-2020/,1
Death of a Cyclist,1955,/film/death-of-a-cyclist/,1
Deep Cover,1992,/film/deep-cover/,1
Detour,1945,/film/detour/,1
Dilwale Dulhania Le Jayenge,1995,/film/dilwale-dulhania-le-jayenge/,1
Dishonored,1931,/film/dishonored/,1
Disquiet,2011,/film/disquiet-2011/,1
Do the Right Thing,1989,/film/do-the-right-thing/,1
Dogtooth,2009,/film/dogtooth/,1
Don't Look Now,1973,/film/dont-look-now/,1
Down the Hudson,1903,/film/down-the-hudson/,1
Dusty Stacks of Mom: The Poster Project,2013,/film/dusty-stacks-of-mom-the-poster-project/,1
Echoes of Silence,1965,/film/echoes-of-silence/,1
Edvard Munch,1974,/film/edvard-munch/,1
El campo para el hombre,1975,/film/el-campo-para-el-hombre/,1
Electra Glide in Blue,1973,/film/electra-glide-in-blue/,1
Elephant,2003,/film/elephant-2003/,1
Embrace of the Serpent,2015,/film/embrace-of-the-serpent/,1
Encanto,2021,/film/encanto/,1
Eureka,2000,/film/eureka-2000/,1
Evolution of a Filipino Family,2004,/film/evolution-of-a-filipino-family/,1
Extreme Private Eros: Love Song 1974,1974,/film/extreme-private-eros-love-song-1974/,1
FLCL,2000,/film/flcl/,1
Face/Off,1997,/film/face-off/,1
Fake Blond,2007,/film/fake-blonde/,1
Fanny and Alexander,1983,/film/fanny-and-alexander/,1
Fat Choi Spirit,2002,/film/fat-choi-spirit/,1
Faust,1926,/film/faust-1926/,1
Febrero en Gaucín,2020,/film/febrero-en-gaucin/,1
Fish Tank,2009,/film/fish-tank/,1
Floating By Eagle Rock / She is Asleep,1998,/film/floating-by-eagle-rock-she-is-asleep/,1
Foire du trône,1982,/film/foire-du-trone/,1
Frances Ha,2012,/film/frances-ha/,1
Freaks,1932,/film/freaks/,1
Funny Girl,1968,/film/funny-girl/,1
Furuyashiki: A Japanese Village,1982,/film/furuyashiki-a-japanese-village/,1
Gang of Four,1989,/film/gang-of-four/,1
Germinal,1913,/film/germinal-1913/,1
Ghost,1984,/film/ghost-1984/,1
Ghost Dog: The Way of the Samurai,1999,/film/ghost-dog-the-way-of-the-samurai/,1
Glass,2019,/film/glass-2019/,1
Gletscher,2006,/film/gletscher/,1
"Goodbye, Dragon Inn",2003,/film/goodbye-dragon-inn/,1
Half of Oscar,2010,/film/half-of-oscar/,1
Hangin' with the Homeboys,1991,/film/hangin-with-the-homeboys/,1
Happy Ghost III,1986,/film/happy-ghost-iii/,1
Happy Together,1997,/film/happy-together-1997/,1
Harold and Maude,1971,/film/harold-and-maude/,1
Heaven Can Wait,1943,/film/heaven-can-wait/,1
Hedgehog in the Fog,1975,/film/hedgehog-in-the-fog/,1
Hereditary,2018,/film/hereditary/,1
History Lessons,1972,/film/history-lessons-1972/,1
Holy Motors,2012,/film/holy-motors/,1
Home for Christmas,1978,/film/home-for-christmas-1978/,1
Human Resources,1999,/film/human-resources/,1
Humanity and Paper Balloons,1937,/film/humanity-and-paper-balloons/,1
Hurry Sundown,1967,/film/hurry-sundown/,1
I Can No Longer Hear the Guitar,1991,/film/i-can-no-longer-hear-the-guitar/,1
I Did Not Die,2008,/film/i-did-not-die/,1
Ichi the Killer,2001,/film/ichi-the-killer/,1
Identification of a Woman,1982,/film/identification-of-a-woman/,1
If It Were Love,2020,/film/if-it-were-love/,1
In Progress,1972,/film/in-progress/,1
In the Mouth of Madness,1994,/film/in-the-mouth-of-madness/,1
In the White City,1983,/film/in-the-white-city/,1
Inventário da Rapina,1986,/film/inventario-da-rapina/,1
It Follows,2014,/film/it-follows/,1
Jackie Brown,1997,/film/jackie-brown/,1
Japanese Girls at the Harbor,1933,/film/japanese-girls-at-the-harbor/,1
Jesse James,1939,/film/jesse-james/,1
Jesus of Montreal,1989,/film/jesus-of-montreal/,1
Juan: As if nothing ever happened,1987,/film/juan-as-if-nothing-ever-happened/,1
Julien Donkey-Boy,1999,/film/julien-donkey-boy/,1
Juliet in Love,2000,/film/juliet-in-love/,1
Khtobtogone,2021,/film/khtobtogone/,1
Killer Klowns from Outer Space,1988,/film/killer-klowns-from-outer-space/,1
Killer of Sheep,1978,/film/killer-of-sheep/,1
L'Amour fou,1969,/film/lamour-fou/,1
L'Inhumaine,1924,/film/linhumaine/,1
L.A. Confidential,1997,/film/la-confidential/,1
La Femme au foyer,1975,/film/la-femme-au-foyer/,1
La Ricotta,1963,/film/la-ricotta/,1
La Vie de Bohème,1992,/film/la-vie-de-boheme/,1
Land of Silence and Darkness,1971,/film/land-of-silence-and-darkness/,1
Le Doulos,1962,/film/le-doulos/,1
Left Handed Memories,1989,/film/left-handed-memories/,1
Les Girls,1957,/film/les-girls/,1
Let Him Go,2020,/film/let-him-go/,1
Little Lise,1930,/film/little-lise-1930/,1
"Little Man, What Now?",1934,/film/little-man-what-now/,1
Little Odessa,1994,/film/little-odessa/,1
Lost in Translation,2003,/film/lost-in-translation/,1
Love Letter,1995,/film/love-letter/,1
Love Me Tonight,1932,/film/love-me-tonight/,1
Love Meetings,1964,/film/love-meetings/,1
Love in the Afternoon,1972,/film/love-in-the-afternoon-1972/,1
Lover for a Day,2017,/film/lover-for-a-day/,1
Machete Gillette... Mama,1989,/film/machete-gillette-mama/,1
Mad Max: Fury Road,2015,/film/mad-max-fury-road/,1
Madrid,1987,/film/madrid-1987-1/,1
Martha,1974,/film/martha-1974/,1
Metropolitan,1990,/film/metropolitan/,1
Mind of Clay,1985,/film/mind-of-clay/,1
Minnie and Moskowitz,1971,/film/minnie-and-moskowitz/,1
Miracle Mile,1988,/film/miracle-mile/,1
Misconception,1977,/film/misconception-1977/,1
"Moi, un Noir",1958,/film/moi-un-noir/,1
"Monsters, Inc.",2001,/film/monsters-inc/,1
Much Ado About Nothing,1993,/film/much-ado-about-nothing/,1
Multiple Maniacs,1970,/film/multiple-maniacs/,1
My Apprenticeship,1939,/film/my-apprenticeship/,1
My Bloody Valentine,1981,/film/my-bloody-valentine/,1
My Name Is Joe,1998,/film/my-name-is-joe/,1
My Neighbor Totoro,1988,/film/my-neighbor-totoro/,1
My Winnipeg,2007,/film/my-winnipeg/,1
Neon Genesis Evangelion: The End of Evangelion,1997,/film/neon-genesis-evangelion-the-end-of-evangelion/,1
"Night Is Short, Walk on Girl",2017,/film/night-is-short-walk-on-girl/,1
Nosferatu,1922,/film/nosferatu/,1
Notes of an Itinerant Performer,1941,/film/notes-of-an-itinerant-performer/,1
Obsession,1976,/film/obsession-1976/,1
Ociel Del Toa,1965,/film/ociel-del-toa/,1
Oldboy,2003,/film/oldboy/,1
On the Waterfront,1954,/film/on-the-waterfront/,1
Once More,1988,/film/once-more-1988/,1
"One, Two, Three",1961,/film/one-two-three/,1
Pacific 231,1949,/film/pacific-231/,1
Pain & Gain,2013,/film/pain-gain/,1
Pale Rider,1985,/film/pale-rider/,1
Paris Belongs to Us,1961,/film/paris-belongs-to-us/,1
"Paris, Texas",1984,/film/paris-texas/,1
Park Row,1952,/film/park-row/,1
Pas de ciel,1987,/film/pas-de-ciel/,1
Performance,1970,/film/performance/,1
Phantom Limb,2005,/film/phantom-limb/,1
Ping Pong the Animation,2014,/film/ping-pong-the-animation/,1
Pièce touchée,1989,/film/piece-touchee/,1
Places in the Heart,1984,/film/places-in-the-heart/,1
Plumb Line,1971,/film/plumb-line/,1
Popstar: Never Stop Never Stopping,2016,/film/popstar-never-stop-never-stopping/,1
Portrait of Madame Yuki,1950,/film/portrait-of-madame-yuki/,1
Portrait of a Lady on Fire,2019,/film/portrait-of-a-lady-on-fire/,1
Portrait of a Young Girl at the End of the 60s in Brussels,1994,/film/portrait-of-a-young-girl-at-the-end-of-the-60s-in-brussels/,1
Possibly in Michigan,1983,/film/possibly-in-michigan/,1
Profound Desires of the Gods,1968,/film/profound-desires-of-the-gods/,1
Pursued,1947,/film/pursued/,1
Railway Station,1980,/film/railway-station/,1
Raising Arizona,1987,/film/raising-arizona/,1
Rashomon,1950,/film/rashomon/,1
Reason Over Passion,1969,/film/reason-over-passion/,1
Record of a Tenement Gentleman,1947,/film/record-of-a-tenement-gentleman/,1
Recreation,1956,/film/recreation-1956/,1
Requirements to Be a Normal Person,2015,/film/requirements-to-be-a-normal-person/,1
Rififi,1955,/film/rififi/,1
River of Gold,1998,/film/river-of-gold/,1
Romancing in Thin Air,2012,/film/romancing-in-thin-air/,1
"Rosa la Rose, Public Girl",1986,/film/rosa-la-rose-public-girl/,1
Rosemary's Baby,1968,/film/rosemarys-baby/,1
Salaam Cinema,1995,/film/salaam-cinema/,1
Salomé,1976,/film/salome-1976/,1
Samson and Delilah,1949,/film/samson-and-delilah-1949/,1
"Scenes from Under Childhood, Section One",1968,/film/scenes-from-under-childhood-section-one/,1
Scenes from a Marriage,1974,/film/scenes-from-a-marriage/,1
Screwball Squirrel,1944,/film/screwball-squirrel/,1
Sea Countrymen,1955,/film/sea-countrymen/,1
Seconds,1966,/film/seconds/,1
Serpent's Path,1998,/film/serpents-path/,1
"Sex, Lies, and Videotape",1989,/film/sex-lies-and-videotape/,1
Shara,2003,/film/shara/,1
Shark Hunters,1963,/film/shark-hunters/,1
Sing Street,2016,/film/sing-street/,1
Smiles of a Summer Night,1955,/film/smiles-of-a-summer-night/,1
Snake Eyes,1998,/film/snake-eyes/,1
Some Like It Hot,1959,/film/some-like-it-hot/,1
"Soñar, soñar",1976,/film/sonar-sonar/,1
Spanglish,2004,/film/spanglish/,1
Spartacus,1960,/film/spartacus/,1
Spellbound,1945,/film/spellbound/,1
Spetters,1980,/film/spetters/,1
Spider-Man: Into the Spider-Verse,2018,/film/spider-man-into-the-spider-verse/,1
Spin,2001,/film/spin-2001/,1
Stand by Me,1986,/film/stand-by-me/,1
Starship Troopers,1997,/film/starship-troopers/,1
Still,1969,/film/still/,1
Still Life,1974,/film/still-life-1974/,1
Stolen Kisses,1968,/film/stolen-kisses/,1
Stop Making Sense,1984,/film/stop-making-sense/,1
Stormy Waters,1941,/film/stormy-waters/,1
Strike,1925,/film/strike/,1
Summertime,1955,/film/summertime/,1
Superbad,2007,/film/superbad/,1
Surrender,1950,/film/surrender-1950/,1
Surviving Life (Theory and Practice),2010,/film/surviving-life-theory-and-practice/,1
Symbol,2009,/film/symbol/,1
Tale of Cinema,2005,/film/tale-of-cinema/,1
Tamako Love Story,2014,/film/tamako-love-story/,1
Targets,1968,/film/targets/,1
Tenebre,1982,/film/tenebre/,1
Terror in a Texas Town,1958,/film/terror-in-a-texas-town/,1
Tetsuo: The Iron Man,1989,/film/tetsuo-the-iron-man/,1
That Obscure Object of Desire,1977,/film/that-obscure-object-of-desire/,1
The 47 Ronin,1941,/film/the-47-ronin/,1
The Act of Killing,2012,/film/the-act-of-killing/,1
The Addiction,1995,/film/the-addiction/,1
The Adventures of Sylvia Couski,1974,/film/the-adventures-of-sylvia-couski/,1
The Asthenic Syndrome,1989,/film/the-asthenic-syndrome/,1
The Awful Truth,1937,/film/the-awful-truth/,1
The Babadook,2014,/film/the-babadook/,1
The Big Sleep,1946,/film/the-big-sleep/,1
The Blue Angel,1930,/film/the-blue-angel/,1
The Blues Brothers,1980,/film/the-blues-brothers/,1
The Circle,2000,/film/the-circle/,1
The Conformist,1970,/film/the-conformist/,1
The Conversation,1974,/film/the-conversation/,1
The Dark and the Wicked,2020,/film/the-dark-and-the-wicked/,1
The Decay of Fiction,2002,/film/the-decay-of-fiction/,1
The Deep Blue Sea,2011,/film/the-deep-blue-sea/,1
The Dependent,1969,/film/the-dependent/,1
The Devil's Rejects,2005,/film/the-devils-rejects/,1
The Duchess of Langeais,2007,/film/the-duchess-of-langeais/,1
The Earrings of Madame de...,1953,/film/the-earrings-of-madame-de/,1
The Effect of Gamma Rays on Man-in-the-Moon Marigolds,1972,/film/the-effect-of-gamma-rays-on-man-in-the-moon-marigolds/,1
The Elephant Man,1980,/film/the-elephant-man/,1
The Fallen World,1983,/film/the-fallen-world/,1
The Fire Within,1963,/film/the-fire-within/,1
The Flowers of St. Francis,1950,/film/the-flowers-of-st-francis/,1
The French Dispatch,2021,/film/the-french-dispatch/,1
The Girl from Nowhere,2012,/film/the-girl-from-nowhere/,1
The Gleaners and I,2000,/film/the-gleaners-and-i/,1
The Goddesses,1972,/film/the-goddesses/,1
The Great Sacrifice,1944,/film/the-great-sacrifice/,1
The Gunfighter,1950,/film/the-gunfighter/,1
The Headless Woman,2008,/film/the-headless-woman/,1
The Hourglass Sanatorium,1973,/film/the-hourglass-sanatorium/,1
The Human Condition I: No Greater Love,1959,/film/the-human-condition-i-no-greater-love/,1
The Human Condition III: A Soldier's Prayer,1961,/film/the-human-condition-iii-a-soldiers-prayer/,1
The Human Pyramid,1961,/film/the-human-pyramid/,1
The Human Surge,2016,/film/the-human-surge/,1
The Isle,2000,/film/the-isle/,1
The Killers,1946,/film/the-killers/,1
The Last Flight,1931,/film/the-last-flight-1931/,1
The Life of Oharu,1952,/film/the-life-of-oharu/,1
The Loneliness of the Long Distance Runner,1962,/film/the-loneliness-of-the-long-distance-runner/,1
The Long Goodbye,1973,/film/the-long-goodbye/,1
The Lord of the Rings: The Two Towers,2002,/film/the-lord-of-the-rings-the-two-towers/,1
The Mad Masters,1955,/film/the-mad-masters/,1
The Needle,1988,/film/the-needle/,1
The New Centurions,1972,/film/the-new-centurions/,1
The Norliss Tapes,1973,/film/the-norliss-tapes/,1
The Prince of Homburg,1997,/film/the-prince-of-homburg/,1
The Purchase Price,1932,/film/the-purchase-price/,1
The Purple Rose of Cairo,1985,/film/the-purple-rose-of-cairo/,1
The Romantic Exiles,2015,/film/the-romantic-exiles/,1
The Royal Tenenbaums,2001,/film/the-royal-tenenbaums/,1
The Seahorse,1934,/film/the-sea-horse/,1
The Second Journey (To Uluru),1981,/film/the-second-journey-to-uluru/,1
The Secret Garden,1988,/film/the-secret-garden-1988/,1
The Seventh Victim,1943,/film/the-seventh-victim/,1
The Shadow of Chikara,1977,/film/the-shadow-of-chikara/,1
The Social Network,2010,/film/the-social-network/,1
The Southerner,1945,/film/the-southerner/,1
The Story of Dr. Wassell,1944,/film/the-story-of-dr-wassell/,1
The Story of Piera,1983,/film/the-story-of-piera/,1
The Story of the Last Chrysanthemum,1939,/film/the-story-of-the-last-chrysanthemum/,1
The Strange Case of Angelica,2010,/film/the-strange-case-of-angelica/,1
The Strange Color of Your Body's Tears,2013,/film/the-strange-color-of-your-bodys-tears/,1
The Strings,2020,/film/film:652888/,1
The Taking of Power by Louis XIV,1966,/film/the-taking-of-power-by-louis-xiv/,1
The Thin Red Line,1998,/film/the-thin-red-line/,1
The Time to Live and the Time to Die,1985,/film/the-time-to-live-and-the-time-to-die/,1
The Tree of Wooden Clogs,1978,/film/the-tree-of-wooden-clogs/,1
The Virgin Spring,1960,/film/the-virgin-spring/,1
The Wind Rises,2013,/film/the-wind-rises/,1
The Wolf House,2018,/film/the-wolf-house/,1
The Year of the Discovery,2020,/film/the-year-of-the-discovery/,1
The Young and the Damned,1950,/film/the-young-and-the-damned/,1
There's Something About Mary,1998,/film/theres-something-about-mary/,1
They Live,1988,/film/they-live/,1
Thief,1981,/film/thief/,1
Three Colors: Blue,1993,/film/three-colors-blue/,1
Through the Olive Trees,1994,/film/through-the-olive-trees/,1
Thunder Road,2018,/film/thunder-road-2018/,1
Tim and Eric's Billion Dollar Movie,2012,/film/tim-and-erics-billion-dollar-movie/,1
Tokyo Profile,1953,/film/tokyo-profile/,1
Tongues Untied,1989,/film/tongues-untied/,1
Total Recall,1990,/film/total-recall/,1
Trains Are for Dreaming,2009,/film/trains-are-for-dreaming/,1
Trash,1970,/film/trash/,1
Trasparenze,1998,/film/trasparenze/,1
Trouble Every Day,2001,/film/trouble-every-day/,1
Twenty Cigarettes,2011,/film/twenty-cigarettes/,1
Two English Girls,1971,/film/two-english-girls/,1
Underworld U.S.A.,1961,/film/underworld-usa/,1
Unfinished Diary,1982,/film/unfinished-diary/,1
Valerie and Her Week of Wonders,1970,/film/valerie-and-her-week-of-wonders/,1
Videodrome,1983,/film/videodrome/,1
Videograms of a Revolution,1992,/film/videograms-of-a-revolution/,1
Vincent,1982,/film/vincent/,1
Visible Secret,2001,/film/visible-secret/,1
Vitalina Varela,2019,/film/vitalina-varela/,1
Voluptuous Sleep,2011,/film/voluptuous-sleep/,1
We're All Going to the World's Fair,2021,/film/were-all-going-to-the-worlds-fair/,1
Welcome Mr. Marshall!,1953,/film/welcome-mr-marshall/,1
What Have I Done to Deserve This?,1984,/film/what-have-i-done-to-deserve-this/,1
White of the Eye,1987,/film/white-of-the-eye/,1
Who’s Stopping Us,2021,/film/whos-stopping-us/,1
Why Don't You Play in Hell?,2013,/film/why-dont-you-play-in-hell/,1
Wild Grass,2009,/film/wild-grass/,1
Wild at Heart,1990,/film/wild-at-heart/,1
Windows on Monday,2006,/film/windows-on-monday/,1
Winged Dialogue,1967,/film/winged-dialogue/,1
Witchhammer,1970,/film/witchhammer/,1
Woman of Rumor,1954,/film/woman-of-rumor/,1
Woman with Flowers,2011,/film/woman-with-flowers/,1
Women on the Verge of a Nervous Breakdown,1988,/film/women-on-the-verge-of-a-nervous-breakdown/,1
X: The Man with the X-Ray Eyes,1963,/film/x-the-man-with-the-x-ray-eyes-1963/,1
You Have to Come and See It,2022,/film/you-have-to-come-and-see-it/,1
untitled (august),2016,/film/untitled-august/,1
